-- phpMyAdmin SQL Dump
-- version 4.6.6
-- https://www.phpmyadmin.net/
--
-- Host: localhost
-- Generation Time: Nov 14, 2019 at 12:17 AM
-- Server version: 5.5.44-0+deb8u1
-- PHP Version: 5.6.9-0+deb8u1

SET SQL_MODE = "NO_AUTO_VALUE_ON_ZERO";
SET time_zone = "+00:00";


/*!40101 SET @OLD_CHARACTER_SET_CLIENT=@@CHARACTER_SET_CLIENT */;
/*!40101 SET @OLD_CHARACTER_SET_RESULTS=@@CHARACTER_SET_RESULTS */;
/*!40101 SET @OLD_COLLATION_CONNECTION=@@COLLATION_CONNECTION */;
/*!40101 SET NAMES utf8mb4 */;

--
-- Database: `projet_jsf`
--

-- --------------------------------------------------------

--
-- Table structure for table `avion`
--

CREATE TABLE `avion` (
  `n_avion` varchar(10) NOT NULL,
  `type` varchar(10) NOT NULL,
  `nb_place` int(10) NOT NULL
) ENGINE=InnoDB DEFAULT CHARSET=latin1;

--
-- Dumping data for table `avion`
--

INSERT INTO `avion` (`n_avion`, `type`, `nb_place`) VALUES
('1', 'Boeign', 90),
('12', 'Boeign', 40),
('13', 'Boeign', 30),
('134', 'Boeign', 7500),
('14', 'Boeign', 40),
('21', 'Boeign', 40);

-- --------------------------------------------------------

--
-- Table structure for table `place`
--

CREATE TABLE `place` (
  `n_avion` varchar(10) NOT NULL,
  `n_place` int(10) NOT NULL,
  `occupation` int(1) NOT NULL
) ENGINE=InnoDB DEFAULT CHARSET=latin1;

--
-- Dumping data for table `place`
--

INSERT INTO `place` (`n_avion`, `n_place`, `occupation`) VALUES
('12', 0, 0),
('12', 1, 0),
('12', 2, 0),
('12', 3, 0),
('12', 4, 0),
('12', 5, 0),
('12', 6, 0),
('12', 7, 0),
('12', 8, 0),
('12', 9, 0),
('12', 10, 0),
('12', 11, 0),
('12', 12, 0),
('12', 13, 0),
('12', 14, 0),
('12', 15, 0),
('12', 16, 0),
('12', 17, 0),
('12', 18, 0),
('12', 19, 0),
('12', 20, 0),
('12', 21, 0),
('12', 22, 0),
('12', 23, 0),
('12', 24, 0),
('12', 25, 0),
('12', 26, 0),
('12', 27, 0),
('12', 28, 0),
('12', 29, 0),
('12', 30, 0),
('12', 31, 0),
('12', 32, 0),
('12', 33, 0),
('12', 34, 0),
('12', 35, 0),
('12', 36, 0),
('12', 37, 0),
('12', 38, 0),
('12', 39, 0),
('13', 0, 0),
('13', 1, 0),
('13', 2, 0),
('13', 3, 0),
('13', 4, 0),
('13', 5, 0),
('13', 6, 0),
('13', 7, 0),
('13', 8, 0),
('13', 9, 0),
('13', 10, 0),
('13', 11, 0),
('13', 12, 0),
('13', 13, 0),
('13', 14, 0),
('13', 15, 0),
('13', 16, 0),
('13', 17, 0),
('13', 18, 0),
('13', 19, 0),
('13', 20, 0),
('13', 21, 0),
('13', 22, 0),
('13', 23, 0),
('13', 24, 0),
('13', 25, 0),
('13', 26, 0),
('13', 27, 0),
('13', 28, 0),
('13', 29, 0),
('134', 0, 1),
('134', 1, 0),
('134', 2, 0),
('134', 3, 0),
('134', 4, 0),
('134', 5, 0),
('134', 6, 0),
('134', 7, 0),
('134', 8, 0),
('134', 9, 0),
('134', 10, 0),
('134', 11, 0),
('134', 12, 0),
('134', 13, 0),
('134', 14, 0),
('134', 15, 0),
('134', 16, 0),
('134', 17, 0),
('134', 18, 0),
('134', 19, 0),
('134', 20, 0),
('134', 21, 0),
('134', 22, 0),
('134', 23, 0),
('134', 24, 0),
('134', 25, 0),
('134', 26, 0),
('134', 27, 0),
('134', 28, 0),
('134', 29, 0),
('134', 30, 0),
('134', 31, 0),
('134', 32, 0),
('134', 33, 0),
('134', 34, 0),
('134', 35, 0),
('134', 36, 0),
('134', 37, 0),
('134', 38, 0),
('134', 39, 0),
('134', 40, 0),
('134', 41, 0),
('134', 42, 0),
('134', 43, 0),
('134', 44, 0),
('134', 45, 0),
('134', 46, 0),
('134', 47, 0),
('134', 48, 0),
('134', 49, 0),
('134', 50, 0),
('134', 51, 0),
('134', 52, 0),
('134', 53, 0),
('134', 54, 0),
('134', 55, 0),
('134', 56, 0),
('134', 57, 0),
('134', 58, 0),
('134', 59, 0),
('134', 60, 0),
('134', 61, 0),
('134', 62, 0),
('134', 63, 0),
('134', 64, 0),
('134', 65, 0),
('134', 66, 0),
('134', 67, 0),
('134', 68, 0),
('134', 69, 0),
('134', 70, 0),
('134', 71, 0),
('134', 72, 0),
('134', 73, 0),
('134', 74, 0),
('134', 75, 0),
('134', 76, 0),
('134', 77, 0),
('134', 78, 0),
('134', 79, 0),
('134', 80, 0),
('134', 81, 0),
('134', 82, 0),
('134', 83, 0),
('134', 84, 0),
('134', 85, 0),
('134', 86, 0),
('134', 87, 0),
('134', 88, 0),
('134', 89, 0),
('134', 90, 0),
('134', 91, 0),
('134', 92, 0),
('134', 93, 0),
('134', 94, 0),
('134', 95, 0),
('134', 96, 0),
('134', 97, 0),
('134', 98, 0),
('134', 99, 0),
('134', 100, 0),
('134', 101, 0),
('134', 102, 0),
('134', 103, 0),
('134', 104, 0),
('134', 105, 0),
('134', 106, 0),
('134', 107, 0),
('134', 108, 0),
('134', 109, 0),
('134', 110, 0),
('134', 111, 0),
('134', 112, 0),
('134', 113, 0),
('134', 114, 0),
('134', 115, 0),
('134', 116, 0),
('134', 117, 0),
('134', 118, 0),
('134', 119, 0),
('134', 120, 0),
('134', 121, 0),
('134', 122, 0),
('134', 123, 0),
('134', 124, 0),
('134', 125, 0),
('134', 126, 0),
('134', 127, 0),
('134', 128, 0),
('134', 129, 0),
('134', 130, 0),
('134', 131, 0),
('134', 132, 0),
('134', 133, 0),
('134', 134, 0),
('134', 135, 0),
('134', 136, 0),
('134', 137, 0),
('134', 138, 0),
('134', 139, 0),
('134', 140, 0),
('134', 141, 0),
('134', 142, 0),
('134', 143, 0),
('134', 144, 0),
('134', 145, 0),
('134', 146, 0),
('134', 147, 0),
('134', 148, 0),
('134', 149, 0),
('134', 150, 0),
('134', 151, 0),
('134', 152, 0),
('134', 153, 0),
('134', 154, 0),
('134', 155, 0),
('134', 156, 0),
('134', 157, 0),
('134', 158, 0),
('134', 159, 0),
('134', 160, 0),
('134', 161, 0),
('134', 162, 0),
('134', 163, 0),
('134', 164, 0),
('134', 165, 0),
('134', 166, 0),
('134', 167, 0),
('134', 168, 0),
('134', 169, 0),
('134', 170, 0),
('134', 171, 0),
('134', 172, 0),
('134', 173, 0),
('134', 174, 0),
('134', 175, 0),
('134', 176, 0),
('134', 177, 0),
('134', 178, 0),
('134', 179, 0),
('134', 180, 0),
('134', 181, 0),
('134', 182, 0),
('134', 183, 0),
('134', 184, 0),
('134', 185, 0),
('134', 186, 0),
('134', 187, 0),
('134', 188, 0),
('134', 189, 0),
('134', 190, 0),
('134', 191, 0),
('134', 192, 0),
('134', 193, 0),
('134', 194, 0),
('134', 195, 0),
('134', 196, 0),
('134', 197, 0),
('134', 198, 0),
('134', 199, 0),
('134', 200, 0),
('134', 201, 0),
('134', 202, 0),
('134', 203, 0),
('134', 204, 0),
('134', 205, 0),
('134', 206, 0),
('134', 207, 0),
('134', 208, 0),
('134', 209, 0),
('134', 210, 0),
('134', 211, 0),
('134', 212, 0),
('134', 213, 0),
('134', 214, 0),
('134', 215, 0),
('134', 216, 0),
('134', 217, 0),
('134', 218, 0),
('134', 219, 0),
('134', 220, 0),
('134', 221, 0),
('134', 222, 0),
('134', 223, 0),
('134', 224, 0),
('134', 225, 0),
('134', 226, 0),
('134', 227, 0),
('134', 228, 0),
('134', 229, 0),
('134', 230, 0),
('134', 231, 0),
('134', 232, 0),
('134', 233, 0),
('134', 234, 0),
('134', 235, 0),
('134', 236, 0),
('134', 237, 0),
('134', 238, 0),
('134', 239, 0),
('134', 240, 0),
('134', 241, 0),
('134', 242, 0),
('134', 243, 0),
('134', 244, 0),
('134', 245, 0),
('134', 246, 0),
('134', 247, 0),
('134', 248, 0),
('134', 249, 0),
('134', 250, 0),
('134', 251, 0),
('134', 252, 0),
('134', 253, 0),
('134', 254, 0),
('134', 255, 0),
('134', 256, 0),
('134', 257, 0),
('134', 258, 0),
('134', 259, 0),
('134', 260, 0),
('134', 261, 0),
('134', 262, 0),
('134', 263, 0),
('134', 264, 0),
('134', 265, 0),
('134', 266, 0),
('134', 267, 0),
('134', 268, 0),
('134', 269, 0),
('134', 270, 0),
('134', 271, 0),
('134', 272, 0),
('134', 273, 0),
('134', 274, 0),
('134', 275, 0),
('134', 276, 0),
('134', 277, 0),
('134', 278, 0),
('134', 279, 0),
('134', 280, 0),
('134', 281, 0),
('134', 282, 0),
('134', 283, 0),
('134', 284, 0),
('134', 285, 0),
('134', 286, 0),
('134', 287, 0),
('134', 288, 0),
('134', 289, 0),
('134', 290, 0),
('134', 291, 0),
('134', 292, 0),
('134', 293, 0),
('134', 294, 0),
('134', 295, 0),
('134', 296, 0),
('134', 297, 0),
('134', 298, 0),
('134', 299, 0),
('134', 300, 0),
('134', 301, 0),
('134', 302, 0),
('134', 303, 0),
('134', 304, 0),
('134', 305, 0),
('134', 306, 0),
('134', 307, 0),
('134', 308, 0),
('134', 309, 0),
('134', 310, 0),
('134', 311, 0),
('134', 312, 0),
('134', 313, 0),
('134', 314, 0),
('134', 315, 0),
('134', 316, 0),
('134', 317, 0),
('134', 318, 0),
('134', 319, 0),
('134', 320, 0),
('134', 321, 0),
('134', 322, 0),
('134', 323, 0),
('134', 324, 0),
('134', 325, 0),
('134', 326, 0),
('134', 327, 0),
('134', 328, 0),
('134', 329, 0),
('134', 330, 0),
('134', 331, 0),
('134', 332, 0),
('134', 333, 0),
('134', 334, 0),
('134', 335, 0),
('134', 336, 0),
('134', 337, 0),
('134', 338, 0),
('134', 339, 0),
('134', 340, 0),
('134', 341, 0),
('134', 342, 0),
('134', 343, 0),
('134', 344, 0),
('134', 345, 0),
('134', 346, 0),
('134', 347, 0),
('134', 348, 0),
('134', 349, 0),
('134', 350, 0),
('134', 351, 0),
('134', 352, 0),
('134', 353, 0),
('134', 354, 0),
('134', 355, 0),
('134', 356, 0),
('134', 357, 0),
('134', 358, 0),
('134', 359, 0),
('134', 360, 0),
('134', 361, 0),
('134', 362, 0),
('134', 363, 0),
('134', 364, 0),
('134', 365, 0),
('134', 366, 0),
('134', 367, 0),
('134', 368, 0),
('134', 369, 0),
('134', 370, 0),
('134', 371, 0),
('134', 372, 0),
('134', 373, 0),
('134', 374, 0),
('134', 375, 0),
('134', 376, 0),
('134', 377, 0),
('134', 378, 0),
('134', 379, 0),
('134', 380, 0),
('134', 381, 0),
('134', 382, 0),
('134', 383, 0),
('134', 384, 0),
('134', 385, 0),
('134', 386, 0),
('134', 387, 0),
('134', 388, 0),
('134', 389, 0),
('134', 390, 0),
('134', 391, 0),
('134', 392, 0),
('134', 393, 0),
('134', 394, 0),
('134', 395, 0),
('134', 396, 0),
('134', 397, 0),
('134', 398, 0),
('134', 399, 0),
('134', 400, 0),
('134', 401, 0),
('134', 402, 0),
('134', 403, 0),
('134', 404, 0),
('134', 405, 0),
('134', 406, 0),
('134', 407, 0),
('134', 408, 0),
('134', 409, 0),
('134', 410, 0),
('134', 411, 0),
('134', 412, 0),
('134', 413, 0),
('134', 414, 0),
('134', 415, 0),
('134', 416, 0),
('134', 417, 0),
('134', 418, 0),
('134', 419, 0),
('134', 420, 0),
('134', 421, 0),
('134', 422, 0),
('134', 423, 0),
('134', 424, 0),
('134', 425, 0),
('134', 426, 0),
('134', 427, 0),
('134', 428, 0),
('134', 429, 0),
('134', 430, 0),
('134', 431, 0),
('134', 432, 0),
('134', 433, 0),
('134', 434, 0),
('134', 435, 0),
('134', 436, 0),
('134', 437, 0),
('134', 438, 0),
('134', 439, 0),
('134', 440, 0),
('134', 441, 0),
('134', 442, 0),
('134', 443, 0),
('134', 444, 0),
('134', 445, 0),
('134', 446, 0),
('134', 447, 0),
('134', 448, 0),
('134', 449, 0),
('134', 450, 0),
('134', 451, 0),
('134', 452, 0),
('134', 453, 0),
('134', 454, 0),
('134', 455, 0),
('134', 456, 0),
('134', 457, 0),
('134', 458, 0),
('134', 459, 0),
('134', 460, 0),
('134', 461, 0),
('134', 462, 0),
('134', 463, 0),
('134', 464, 0),
('134', 465, 0),
('134', 466, 0),
('134', 467, 0),
('134', 468, 0),
('134', 469, 0),
('134', 470, 0),
('134', 471, 0),
('134', 472, 0),
('134', 473, 0),
('134', 474, 0),
('134', 475, 0),
('134', 476, 0),
('134', 477, 0),
('134', 478, 0),
('134', 479, 0),
('134', 480, 0),
('134', 481, 0),
('134', 482, 0),
('134', 483, 0),
('134', 484, 0),
('134', 485, 0),
('134', 486, 0),
('134', 487, 0),
('134', 488, 0),
('134', 489, 0),
('134', 490, 0),
('134', 491, 0),
('134', 492, 0),
('134', 493, 0),
('134', 494, 0),
('134', 495, 0),
('134', 496, 0),
('134', 497, 0),
('134', 498, 0),
('134', 499, 0),
('134', 500, 0),
('134', 501, 0),
('134', 502, 0),
('134', 503, 0),
('134', 504, 0),
('134', 505, 0),
('134', 506, 0),
('134', 507, 0),
('134', 508, 0),
('134', 509, 0),
('134', 510, 0),
('134', 511, 0),
('134', 512, 0),
('134', 513, 0),
('134', 514, 0),
('134', 515, 0),
('134', 516, 0),
('134', 517, 0),
('134', 518, 0),
('134', 519, 0),
('134', 520, 0),
('134', 521, 0),
('134', 522, 0),
('134', 523, 0),
('134', 524, 0),
('134', 525, 0),
('134', 526, 0),
('134', 527, 0),
('134', 528, 0),
('134', 529, 0),
('134', 530, 0),
('134', 531, 0),
('134', 532, 0),
('134', 533, 0),
('134', 534, 0),
('134', 535, 0),
('134', 536, 0),
('134', 537, 0),
('134', 538, 0),
('134', 539, 0),
('134', 540, 0),
('134', 541, 0),
('134', 542, 0),
('134', 543, 0),
('134', 544, 0),
('134', 545, 0),
('134', 546, 0),
('134', 547, 0),
('134', 548, 0),
('134', 549, 0),
('134', 550, 0),
('134', 551, 0),
('134', 552, 0),
('134', 553, 0),
('134', 554, 0),
('134', 555, 0),
('134', 556, 0),
('134', 557, 0),
('134', 558, 0),
('134', 559, 0),
('134', 560, 0),
('134', 561, 0),
('134', 562, 0),
('134', 563, 0),
('134', 564, 0),
('134', 565, 0),
('134', 566, 0),
('134', 567, 0),
('134', 568, 0),
('134', 569, 0),
('134', 570, 0),
('134', 571, 0),
('134', 572, 0),
('134', 573, 0),
('134', 574, 0),
('134', 575, 0),
('134', 576, 0),
('134', 577, 0),
('134', 578, 0),
('134', 579, 0),
('134', 580, 0),
('134', 581, 0),
('134', 582, 0),
('134', 583, 0),
('134', 584, 0),
('134', 585, 0),
('134', 586, 0),
('134', 587, 0),
('134', 588, 0),
('134', 589, 0),
('134', 590, 0),
('134', 591, 0),
('134', 592, 0),
('134', 593, 0),
('134', 594, 0),
('134', 595, 0),
('134', 596, 0),
('134', 597, 0),
('134', 598, 0),
('134', 599, 0),
('134', 600, 0),
('134', 601, 0),
('134', 602, 0),
('134', 603, 0),
('134', 604, 0),
('134', 605, 0),
('134', 606, 0),
('134', 607, 0),
('134', 608, 0),
('134', 609, 0),
('134', 610, 0),
('134', 611, 0),
('134', 612, 0),
('134', 613, 0),
('134', 614, 0),
('134', 615, 0),
('134', 616, 0),
('134', 617, 0),
('134', 618, 0),
('134', 619, 0),
('134', 620, 0),
('134', 621, 0),
('134', 622, 0),
('134', 623, 0),
('134', 624, 0),
('134', 625, 0),
('134', 626, 0),
('134', 627, 0),
('134', 628, 0),
('134', 629, 0),
('134', 630, 0),
('134', 631, 0),
('134', 632, 0),
('134', 633, 0),
('134', 634, 0),
('134', 635, 0),
('134', 636, 0),
('134', 637, 0),
('134', 638, 0),
('134', 639, 0),
('134', 640, 0),
('134', 641, 0),
('134', 642, 0),
('134', 643, 0),
('134', 644, 0),
('134', 645, 0),
('134', 646, 0),
('134', 647, 0),
('134', 648, 0),
('134', 649, 0),
('134', 650, 0),
('134', 651, 0),
('134', 652, 0),
('134', 653, 0),
('134', 654, 0),
('134', 655, 0),
('134', 656, 0),
('134', 657, 0),
('134', 658, 0),
('134', 659, 0),
('134', 660, 0),
('134', 661, 0),
('134', 662, 0),
('134', 663, 0),
('134', 664, 0),
('134', 665, 0),
('134', 666, 0),
('134', 667, 0),
('134', 668, 0),
('134', 669, 0),
('134', 670, 0),
('134', 671, 0),
('134', 672, 0),
('134', 673, 0),
('134', 674, 0),
('134', 675, 0),
('134', 676, 0),
('134', 677, 0),
('134', 678, 0),
('134', 679, 0),
('134', 680, 0),
('134', 681, 0),
('134', 682, 0),
('134', 683, 0),
('134', 684, 0),
('134', 685, 0),
('134', 686, 0),
('134', 687, 0),
('134', 688, 0),
('134', 689, 0),
('134', 690, 0),
('134', 691, 0),
('134', 692, 0),
('134', 693, 0),
('134', 694, 0),
('134', 695, 0),
('134', 696, 0),
('134', 697, 0),
('134', 698, 0),
('134', 699, 0),
('134', 700, 0),
('134', 701, 0),
('134', 702, 0),
('134', 703, 0),
('134', 704, 0),
('134', 705, 0),
('134', 706, 0),
('134', 707, 0),
('134', 708, 0),
('134', 709, 0),
('134', 710, 0),
('134', 711, 0),
('134', 712, 0),
('134', 713, 0),
('134', 714, 0),
('134', 715, 0),
('134', 716, 0),
('134', 717, 0),
('134', 718, 0),
('134', 719, 0),
('134', 720, 0),
('134', 721, 0),
('134', 722, 0),
('134', 723, 0),
('134', 724, 0),
('134', 725, 0),
('134', 726, 0),
('134', 727, 0),
('134', 728, 0),
('134', 729, 0),
('134', 730, 0),
('134', 731, 0),
('134', 732, 0),
('134', 733, 0),
('134', 734, 0),
('134', 735, 0),
('134', 736, 0),
('134', 737, 0),
('134', 738, 0),
('134', 739, 0),
('134', 740, 0),
('134', 741, 0),
('134', 742, 0),
('134', 743, 0),
('134', 744, 0),
('134', 745, 0),
('134', 746, 0),
('134', 747, 0),
('134', 748, 0),
('134', 749, 0),
('134', 750, 0),
('134', 751, 0),
('134', 752, 0),
('134', 753, 0),
('134', 754, 0),
('134', 755, 0),
('134', 756, 0),
('134', 757, 0),
('134', 758, 0),
('134', 759, 0),
('134', 760, 0),
('134', 761, 0),
('134', 762, 0),
('134', 763, 0),
('134', 764, 0),
('134', 765, 0),
('134', 766, 0),
('134', 767, 0),
('134', 768, 0),
('134', 769, 0),
('134', 770, 0),
('134', 771, 0),
('134', 772, 0),
('134', 773, 0),
('134', 774, 0),
('134', 775, 0),
('134', 776, 0),
('134', 777, 0),
('134', 778, 0),
('134', 779, 0),
('134', 780, 0),
('134', 781, 0),
('134', 782, 0),
('134', 783, 0),
('134', 784, 0),
('134', 785, 0),
('134', 786, 0),
('134', 787, 0),
('134', 788, 0),
('134', 789, 0),
('134', 790, 0),
('134', 791, 0),
('134', 792, 0),
('134', 793, 0),
('134', 794, 0),
('134', 795, 0),
('134', 796, 0),
('134', 797, 0),
('134', 798, 0),
('134', 799, 0),
('134', 800, 0),
('134', 801, 0),
('134', 802, 0),
('134', 803, 0),
('134', 804, 0),
('134', 805, 0),
('134', 806, 0),
('134', 807, 0),
('134', 808, 0),
('134', 809, 0),
('134', 810, 0),
('134', 811, 0),
('134', 812, 0),
('134', 813, 0),
('134', 814, 0),
('134', 815, 0),
('134', 816, 0),
('134', 817, 0),
('134', 818, 0),
('134', 819, 0),
('134', 820, 0),
('134', 821, 0),
('134', 822, 0),
('134', 823, 0),
('134', 824, 0),
('134', 825, 0),
('134', 826, 0),
('134', 827, 0),
('134', 828, 0),
('134', 829, 0),
('134', 830, 0),
('134', 831, 0),
('134', 832, 0),
('134', 833, 0),
('134', 834, 0),
('134', 835, 0),
('134', 836, 0),
('134', 837, 0),
('134', 838, 0),
('134', 839, 0),
('134', 840, 0),
('134', 841, 0),
('134', 842, 0),
('134', 843, 0),
('134', 844, 0),
('134', 845, 0),
('134', 846, 0),
('134', 847, 0),
('134', 848, 0),
('134', 849, 0),
('134', 850, 0),
('134', 851, 0),
('134', 852, 0),
('134', 853, 0),
('134', 854, 0),
('134', 855, 0),
('134', 856, 0),
('134', 857, 0),
('134', 858, 0),
('134', 859, 0),
('134', 860, 0),
('134', 861, 0),
('134', 862, 0),
('134', 863, 0),
('134', 864, 0),
('134', 865, 0),
('134', 866, 0),
('134', 867, 0),
('134', 868, 0),
('134', 869, 0),
('134', 870, 0),
('134', 871, 0),
('134', 872, 0),
('134', 873, 0),
('134', 874, 0),
('134', 875, 0),
('134', 876, 0),
('134', 877, 0),
('134', 878, 0),
('134', 879, 0),
('134', 880, 0),
('134', 881, 0),
('134', 882, 0),
('134', 883, 0),
('134', 884, 0),
('134', 885, 0),
('134', 886, 0),
('134', 887, 0),
('134', 888, 0),
('134', 889, 0),
('134', 890, 0),
('134', 891, 0),
('134', 892, 0),
('134', 893, 0),
('134', 894, 0),
('134', 895, 0),
('134', 896, 0),
('134', 897, 0),
('134', 898, 0),
('134', 899, 0),
('134', 900, 0),
('134', 901, 0),
('134', 902, 0),
('134', 903, 0),
('134', 904, 0),
('134', 905, 0),
('134', 906, 0),
('134', 907, 0),
('134', 908, 0),
('134', 909, 0),
('134', 910, 0),
('134', 911, 0),
('134', 912, 0),
('134', 913, 0),
('134', 914, 0),
('134', 915, 0),
('134', 916, 0),
('134', 917, 0),
('134', 918, 0),
('134', 919, 0),
('134', 920, 0),
('134', 921, 0),
('134', 922, 0),
('134', 923, 0),
('134', 924, 0),
('134', 925, 0),
('134', 926, 0),
('134', 927, 0),
('134', 928, 0),
('134', 929, 0),
('134', 930, 0),
('134', 931, 0),
('134', 932, 0),
('134', 933, 0),
('134', 934, 0),
('134', 935, 0),
('134', 936, 0),
('134', 937, 0),
('134', 938, 0),
('134', 939, 0),
('134', 940, 0),
('134', 941, 0),
('134', 942, 0),
('134', 943, 0),
('134', 944, 0),
('134', 945, 0),
('134', 946, 0),
('134', 947, 0),
('134', 948, 0),
('134', 949, 0),
('134', 950, 0),
('134', 951, 0),
('134', 952, 0),
('134', 953, 0),
('134', 954, 0),
('134', 955, 0),
('134', 956, 0),
('134', 957, 0),
('134', 958, 0),
('134', 959, 0),
('134', 960, 0),
('134', 961, 0),
('134', 962, 0),
('134', 963, 0),
('134', 964, 0),
('134', 965, 0),
('134', 966, 0),
('134', 967, 0),
('134', 968, 0),
('134', 969, 0),
('134', 970, 0),
('134', 971, 0),
('134', 972, 0),
('134', 973, 0),
('134', 974, 0),
('134', 975, 0),
('134', 976, 0),
('134', 977, 0),
('134', 978, 0),
('134', 979, 0),
('134', 980, 0),
('134', 981, 0),
('134', 982, 0),
('134', 983, 0),
('134', 984, 0),
('134', 985, 0),
('134', 986, 0),
('134', 987, 0),
('134', 988, 0),
('134', 989, 0),
('134', 990, 0),
('134', 991, 0),
('134', 992, 0),
('134', 993, 0),
('134', 994, 0),
('134', 995, 0),
('134', 996, 0),
('134', 997, 0),
('134', 998, 0),
('134', 999, 0),
('134', 1000, 0),
('134', 1001, 0),
('134', 1002, 0),
('134', 1003, 0),
('134', 1004, 0),
('134', 1005, 0),
('134', 1006, 0),
('134', 1007, 0),
('134', 1008, 0),
('134', 1009, 0),
('134', 1010, 0),
('134', 1011, 0),
('134', 1012, 0),
('134', 1013, 0),
('134', 1014, 0),
('134', 1015, 0),
('134', 1016, 0),
('134', 1017, 0),
('134', 1018, 0),
('134', 1019, 0),
('134', 1020, 0),
('134', 1021, 0),
('134', 1022, 0),
('134', 1023, 0),
('134', 1024, 0),
('134', 1025, 0),
('134', 1026, 0),
('134', 1027, 0),
('134', 1028, 0),
('134', 1029, 0),
('134', 1030, 0),
('134', 1031, 0),
('134', 1032, 0),
('134', 1033, 0),
('134', 1034, 0),
('134', 1035, 0),
('134', 1036, 0),
('134', 1037, 0),
('134', 1038, 0),
('134', 1039, 0),
('134', 1040, 0),
('134', 1041, 0),
('134', 1042, 0),
('134', 1043, 0),
('134', 1044, 0),
('134', 1045, 0),
('134', 1046, 0),
('134', 1047, 0),
('134', 1048, 0),
('134', 1049, 0),
('134', 1050, 0),
('134', 1051, 0),
('134', 1052, 0),
('134', 1053, 0),
('134', 1054, 0),
('134', 1055, 0),
('134', 1056, 0),
('134', 1057, 0),
('134', 1058, 0),
('134', 1059, 0),
('134', 1060, 0),
('134', 1061, 0),
('134', 1062, 0),
('134', 1063, 0),
('134', 1064, 0),
('134', 1065, 0),
('134', 1066, 0),
('134', 1067, 0),
('134', 1068, 0),
('134', 1069, 0),
('134', 1070, 0),
('134', 1071, 0),
('134', 1072, 0),
('134', 1073, 0),
('134', 1074, 0),
('134', 1075, 0),
('134', 1076, 0),
('134', 1077, 0),
('134', 1078, 0),
('134', 1079, 0),
('134', 1080, 0),
('134', 1081, 0),
('134', 1082, 0),
('134', 1083, 0),
('134', 1084, 0),
('134', 1085, 0),
('134', 1086, 0),
('134', 1087, 0),
('134', 1088, 0),
('134', 1089, 0),
('134', 1090, 0),
('134', 1091, 0),
('134', 1092, 0),
('134', 1093, 0),
('134', 1094, 0),
('134', 1095, 0),
('134', 1096, 0),
('134', 1097, 0),
('134', 1098, 0),
('134', 1099, 0),
('134', 1100, 0),
('134', 1101, 0),
('134', 1102, 0),
('134', 1103, 0),
('134', 1104, 0),
('134', 1105, 0),
('134', 1106, 0),
('134', 1107, 0),
('134', 1108, 0),
('134', 1109, 0),
('134', 1110, 0),
('134', 1111, 0),
('134', 1112, 0),
('134', 1113, 0),
('134', 1114, 0),
('134', 1115, 0),
('134', 1116, 0),
('134', 1117, 0),
('134', 1118, 0),
('134', 1119, 0),
('134', 1120, 0),
('134', 1121, 0),
('134', 1122, 0),
('134', 1123, 0),
('134', 1124, 0),
('134', 1125, 0),
('134', 1126, 0),
('134', 1127, 0),
('134', 1128, 0),
('134', 1129, 0),
('134', 1130, 0),
('134', 1131, 0),
('134', 1132, 0),
('134', 1133, 0),
('134', 1134, 0),
('134', 1135, 0),
('134', 1136, 0),
('134', 1137, 0),
('134', 1138, 0),
('134', 1139, 0),
('134', 1140, 0),
('134', 1141, 0),
('134', 1142, 0),
('134', 1143, 0),
('134', 1144, 0),
('134', 1145, 0),
('134', 1146, 0),
('134', 1147, 0),
('134', 1148, 0),
('134', 1149, 0),
('134', 1150, 0),
('134', 1151, 0),
('134', 1152, 0),
('134', 1153, 0),
('134', 1154, 0),
('134', 1155, 0),
('134', 1156, 0),
('134', 1157, 0),
('134', 1158, 0),
('134', 1159, 0),
('134', 1160, 0),
('134', 1161, 0),
('134', 1162, 0),
('134', 1163, 0),
('134', 1164, 0),
('134', 1165, 0),
('134', 1166, 0),
('134', 1167, 0),
('134', 1168, 0),
('134', 1169, 0),
('134', 1170, 0),
('134', 1171, 0),
('134', 1172, 0),
('134', 1173, 0),
('134', 1174, 0),
('134', 1175, 0),
('134', 1176, 0),
('134', 1177, 0),
('134', 1178, 0),
('134', 1179, 0),
('134', 1180, 0),
('134', 1181, 0),
('134', 1182, 0),
('134', 1183, 0),
('134', 1184, 0),
('134', 1185, 0),
('134', 1186, 0),
('134', 1187, 0),
('134', 1188, 0),
('134', 1189, 0),
('134', 1190, 0),
('134', 1191, 0),
('134', 1192, 0),
('134', 1193, 0),
('134', 1194, 0),
('134', 1195, 0),
('134', 1196, 0),
('134', 1197, 0),
('134', 1198, 0),
('134', 1199, 0),
('134', 1200, 0),
('134', 1201, 0),
('134', 1202, 0),
('134', 1203, 0),
('134', 1204, 0),
('134', 1205, 0),
('134', 1206, 0),
('134', 1207, 0),
('134', 1208, 0),
('134', 1209, 0),
('134', 1210, 0),
('134', 1211, 0),
('134', 1212, 0),
('134', 1213, 0),
('134', 1214, 0),
('134', 1215, 0),
('134', 1216, 0),
('134', 1217, 0),
('134', 1218, 0),
('134', 1219, 0),
('134', 1220, 0),
('134', 1221, 0),
('134', 1222, 0),
('134', 1223, 0),
('134', 1224, 0),
('134', 1225, 0),
('134', 1226, 0),
('134', 1227, 0),
('134', 1228, 0),
('134', 1229, 0),
('134', 1230, 0),
('134', 1231, 0),
('134', 1232, 0),
('134', 1233, 0),
('134', 1234, 0),
('134', 1235, 0),
('134', 1236, 0),
('134', 1237, 0),
('134', 1238, 0),
('134', 1239, 0),
('134', 1240, 0),
('134', 1241, 0),
('134', 1242, 0),
('134', 1243, 0),
('134', 1244, 0),
('134', 1245, 0),
('134', 1246, 0),
('134', 1247, 0),
('134', 1248, 0),
('134', 1249, 0),
('134', 1250, 0),
('134', 1251, 0),
('134', 1252, 0),
('134', 1253, 0),
('134', 1254, 0),
('134', 1255, 0),
('134', 1256, 0),
('134', 1257, 0),
('134', 1258, 0),
('134', 1259, 0),
('134', 1260, 0),
('134', 1261, 0),
('134', 1262, 0),
('134', 1263, 0),
('134', 1264, 0),
('134', 1265, 0),
('134', 1266, 0),
('134', 1267, 0),
('134', 1268, 0),
('134', 1269, 0),
('134', 1270, 0),
('134', 1271, 0),
('134', 1272, 0),
('134', 1273, 0),
('134', 1274, 0),
('134', 1275, 0),
('134', 1276, 0),
('134', 1277, 0),
('134', 1278, 0),
('134', 1279, 0),
('134', 1280, 0),
('134', 1281, 0),
('134', 1282, 0),
('134', 1283, 0),
('134', 1284, 0),
('134', 1285, 0),
('134', 1286, 0),
('134', 1287, 0),
('134', 1288, 0),
('134', 1289, 0),
('134', 1290, 0),
('134', 1291, 0),
('134', 1292, 0),
('134', 1293, 0),
('134', 1294, 0),
('134', 1295, 0),
('134', 1296, 0),
('134', 1297, 0),
('134', 1298, 0),
('134', 1299, 0),
('134', 1300, 0),
('134', 1301, 0),
('134', 1302, 0),
('134', 1303, 0),
('134', 1304, 0),
('134', 1305, 0),
('134', 1306, 0),
('134', 1307, 0),
('134', 1308, 0),
('134', 1309, 0),
('134', 1310, 0),
('134', 1311, 0),
('134', 1312, 0),
('134', 1313, 0),
('134', 1314, 0),
('134', 1315, 0),
('134', 1316, 0),
('134', 1317, 0),
('134', 1318, 0),
('134', 1319, 0),
('134', 1320, 0),
('134', 1321, 0),
('134', 1322, 0),
('134', 1323, 0),
('134', 1324, 0),
('134', 1325, 0),
('134', 1326, 0),
('134', 1327, 0),
('134', 1328, 0),
('134', 1329, 0),
('134', 1330, 0),
('134', 1331, 0),
('134', 1332, 0),
('134', 1333, 0),
('134', 1334, 0),
('134', 1335, 0),
('134', 1336, 0),
('134', 1337, 0),
('134', 1338, 0),
('134', 1339, 0),
('134', 1340, 0),
('134', 1341, 0),
('134', 1342, 0),
('134', 1343, 0),
('134', 1344, 0),
('134', 1345, 0),
('134', 1346, 0),
('134', 1347, 0),
('134', 1348, 0),
('134', 1349, 0),
('134', 1350, 0),
('134', 1351, 0),
('134', 1352, 0),
('134', 1353, 0),
('134', 1354, 0),
('134', 1355, 0),
('134', 1356, 0),
('134', 1357, 0),
('134', 1358, 0),
('134', 1359, 0),
('134', 1360, 0),
('134', 1361, 0),
('134', 1362, 0),
('134', 1363, 0),
('134', 1364, 0),
('134', 1365, 0),
('134', 1366, 0),
('134', 1367, 0),
('134', 1368, 0),
('134', 1369, 0),
('134', 1370, 0),
('134', 1371, 0),
('134', 1372, 0),
('134', 1373, 0),
('134', 1374, 0),
('134', 1375, 0),
('134', 1376, 0),
('134', 1377, 0),
('134', 1378, 0),
('134', 1379, 0),
('134', 1380, 0),
('134', 1381, 0),
('134', 1382, 0),
('134', 1383, 0),
('134', 1384, 0),
('134', 1385, 0),
('134', 1386, 0),
('134', 1387, 0),
('134', 1388, 0),
('134', 1389, 0),
('134', 1390, 0),
('134', 1391, 0),
('134', 1392, 0),
('134', 1393, 0),
('134', 1394, 0),
('134', 1395, 0),
('134', 1396, 0),
('134', 1397, 0),
('134', 1398, 0),
('134', 1399, 0),
('134', 1400, 0),
('134', 1401, 0),
('134', 1402, 0),
('134', 1403, 0),
('134', 1404, 0),
('134', 1405, 0),
('134', 1406, 0),
('134', 1407, 0),
('134', 1408, 0),
('134', 1409, 0),
('134', 1410, 0),
('134', 1411, 0),
('134', 1412, 0),
('134', 1413, 0),
('134', 1414, 0),
('134', 1415, 0),
('134', 1416, 0),
('134', 1417, 0),
('134', 1418, 0),
('134', 1419, 0),
('134', 1420, 0),
('134', 1421, 0),
('134', 1422, 0),
('134', 1423, 0),
('134', 1424, 0),
('134', 1425, 0),
('134', 1426, 0),
('134', 1427, 0),
('134', 1428, 0),
('134', 1429, 0),
('134', 1430, 0),
('134', 1431, 0),
('134', 1432, 0),
('134', 1433, 0),
('134', 1434, 0),
('134', 1435, 0),
('134', 1436, 0),
('134', 1437, 0),
('134', 1438, 0),
('134', 1439, 0),
('134', 1440, 0),
('134', 1441, 0),
('134', 1442, 0),
('134', 1443, 0),
('134', 1444, 0),
('134', 1445, 0),
('134', 1446, 0),
('134', 1447, 0),
('134', 1448, 0),
('134', 1449, 0),
('134', 1450, 0),
('134', 1451, 0),
('134', 1452, 0),
('134', 1453, 0),
('134', 1454, 0),
('134', 1455, 0),
('134', 1456, 0),
('134', 1457, 0),
('134', 1458, 0),
('134', 1459, 0),
('134', 1460, 0),
('134', 1461, 0),
('134', 1462, 0),
('134', 1463, 0),
('134', 1464, 0),
('134', 1465, 0),
('134', 1466, 0),
('134', 1467, 0),
('134', 1468, 0),
('134', 1469, 0),
('134', 1470, 0),
('134', 1471, 0),
('134', 1472, 0),
('134', 1473, 0),
('134', 1474, 0),
('134', 1475, 0),
('134', 1476, 0),
('134', 1477, 0),
('134', 1478, 0),
('134', 1479, 0),
('134', 1480, 0),
('134', 1481, 0),
('134', 1482, 0),
('134', 1483, 0),
('134', 1484, 0),
('134', 1485, 0),
('134', 1486, 0),
('134', 1487, 0),
('134', 1488, 0),
('134', 1489, 0),
('134', 1490, 0),
('134', 1491, 0),
('134', 1492, 0),
('134', 1493, 0),
('134', 1494, 0),
('134', 1495, 0),
('134', 1496, 0),
('134', 1497, 0),
('134', 1498, 0),
('134', 1499, 0),
('134', 1500, 0),
('134', 1501, 0),
('134', 1502, 0),
('134', 1503, 0),
('134', 1504, 0),
('134', 1505, 0),
('134', 1506, 0),
('134', 1507, 0),
('134', 1508, 0),
('134', 1509, 0),
('134', 1510, 0),
('134', 1511, 0),
('134', 1512, 0),
('134', 1513, 0),
('134', 1514, 0),
('134', 1515, 0),
('134', 1516, 0),
('134', 1517, 0),
('134', 1518, 0),
('134', 1519, 0),
('134', 1520, 0),
('134', 1521, 0),
('134', 1522, 0),
('134', 1523, 0),
('134', 1524, 0),
('134', 1525, 0),
('134', 1526, 0),
('134', 1527, 0),
('134', 1528, 0),
('134', 1529, 0),
('134', 1530, 0),
('134', 1531, 0),
('134', 1532, 0),
('134', 1533, 0),
('134', 1534, 0),
('134', 1535, 0),
('134', 1536, 0),
('134', 1537, 0),
('134', 1538, 0),
('134', 1539, 0),
('134', 1540, 0),
('134', 1541, 0),
('134', 1542, 0),
('134', 1543, 0),
('134', 1544, 0),
('134', 1545, 0),
('134', 1546, 0),
('134', 1547, 0),
('134', 1548, 0),
('134', 1549, 0),
('134', 1550, 0),
('134', 1551, 0),
('134', 1552, 0),
('134', 1553, 0),
('134', 1554, 0),
('134', 1555, 0),
('134', 1556, 0),
('134', 1557, 0),
('134', 1558, 0),
('134', 1559, 0),
('134', 1560, 0),
('134', 1561, 0),
('134', 1562, 0),
('134', 1563, 0),
('134', 1564, 0),
('134', 1565, 0),
('134', 1566, 0),
('134', 1567, 0),
('134', 1568, 0),
('134', 1569, 0),
('134', 1570, 0),
('134', 1571, 0),
('134', 1572, 0),
('134', 1573, 0),
('134', 1574, 0),
('134', 1575, 0),
('134', 1576, 0),
('134', 1577, 0),
('134', 1578, 0),
('134', 1579, 0),
('134', 1580, 0),
('134', 1581, 0),
('134', 1582, 0),
('134', 1583, 0),
('134', 1584, 0),
('134', 1585, 0),
('134', 1586, 0),
('134', 1587, 0),
('134', 1588, 0),
('134', 1589, 0),
('134', 1590, 0),
('134', 1591, 0),
('134', 1592, 0),
('134', 1593, 0),
('134', 1594, 0),
('134', 1595, 0),
('134', 1596, 0),
('134', 1597, 0),
('134', 1598, 0),
('134', 1599, 0),
('134', 1600, 0),
('134', 1601, 0),
('134', 1602, 0),
('134', 1603, 0),
('134', 1604, 0),
('134', 1605, 0),
('134', 1606, 0),
('134', 1607, 0),
('134', 1608, 0),
('134', 1609, 0),
('134', 1610, 0),
('134', 1611, 0),
('134', 1612, 0),
('134', 1613, 0),
('134', 1614, 0),
('134', 1615, 0),
('134', 1616, 0),
('134', 1617, 0),
('134', 1618, 0),
('134', 1619, 0),
('134', 1620, 0),
('134', 1621, 0),
('134', 1622, 0),
('134', 1623, 0),
('134', 1624, 0),
('134', 1625, 0),
('134', 1626, 0),
('134', 1627, 0),
('134', 1628, 0),
('134', 1629, 0),
('134', 1630, 0),
('134', 1631, 0),
('134', 1632, 0),
('134', 1633, 0),
('134', 1634, 0),
('134', 1635, 0),
('134', 1636, 0),
('134', 1637, 0),
('134', 1638, 0),
('134', 1639, 0),
('134', 1640, 0),
('134', 1641, 0),
('134', 1642, 0),
('134', 1643, 0),
('134', 1644, 0),
('134', 1645, 0),
('134', 1646, 0),
('134', 1647, 0),
('134', 1648, 0),
('134', 1649, 0),
('134', 1650, 0),
('134', 1651, 0),
('134', 1652, 0),
('134', 1653, 0),
('134', 1654, 0),
('134', 1655, 0),
('134', 1656, 0),
('134', 1657, 0),
('134', 1658, 0),
('134', 1659, 0),
('134', 1660, 0),
('134', 1661, 0),
('134', 1662, 0),
('134', 1663, 0),
('134', 1664, 0),
('134', 1665, 0),
('134', 1666, 0),
('134', 1667, 0),
('134', 1668, 0),
('134', 1669, 0),
('134', 1670, 0),
('134', 1671, 0),
('134', 1672, 0),
('134', 1673, 0),
('134', 1674, 0),
('134', 1675, 0),
('134', 1676, 0),
('134', 1677, 0),
('134', 1678, 0),
('134', 1679, 0),
('134', 1680, 0),
('134', 1681, 0),
('134', 1682, 0),
('134', 1683, 0),
('134', 1684, 0),
('134', 1685, 0),
('134', 1686, 0),
('134', 1687, 0),
('134', 1688, 0),
('134', 1689, 0),
('134', 1690, 0),
('134', 1691, 0),
('134', 1692, 0),
('134', 1693, 0),
('134', 1694, 0),
('134', 1695, 0),
('134', 1696, 0),
('134', 1697, 0),
('134', 1698, 0),
('134', 1699, 0),
('134', 1700, 0),
('134', 1701, 0),
('134', 1702, 0),
('134', 1703, 0),
('134', 1704, 0),
('134', 1705, 0),
('134', 1706, 0),
('134', 1707, 0),
('134', 1708, 0),
('134', 1709, 0),
('134', 1710, 0),
('134', 1711, 0),
('134', 1712, 0),
('134', 1713, 0),
('134', 1714, 0),
('134', 1715, 0),
('134', 1716, 0),
('134', 1717, 0),
('134', 1718, 0),
('134', 1719, 0),
('134', 1720, 0),
('134', 1721, 0),
('134', 1722, 0),
('134', 1723, 0),
('134', 1724, 0),
('134', 1725, 0),
('134', 1726, 0),
('134', 1727, 0),
('134', 1728, 0),
('134', 1729, 0),
('134', 1730, 0),
('134', 1731, 0),
('134', 1732, 0),
('134', 1733, 0),
('134', 1734, 0),
('134', 1735, 0),
('134', 1736, 0),
('134', 1737, 0),
('134', 1738, 0),
('134', 1739, 0),
('134', 1740, 0),
('134', 1741, 0),
('134', 1742, 0),
('134', 1743, 0),
('134', 1744, 0),
('134', 1745, 0),
('134', 1746, 0),
('134', 1747, 0),
('134', 1748, 0),
('134', 1749, 0),
('134', 1750, 0),
('134', 1751, 0),
('134', 1752, 0),
('134', 1753, 0),
('134', 1754, 0),
('134', 1755, 0),
('134', 1756, 0),
('134', 1757, 0),
('134', 1758, 0),
('134', 1759, 0),
('134', 1760, 0),
('134', 1761, 0),
('134', 1762, 0),
('134', 1763, 0),
('134', 1764, 0),
('134', 1765, 0),
('134', 1766, 0),
('134', 1767, 0),
('134', 1768, 0),
('134', 1769, 0),
('134', 1770, 0),
('134', 1771, 0),
('134', 1772, 0),
('134', 1773, 0),
('134', 1774, 0),
('134', 1775, 0),
('134', 1776, 0),
('134', 1777, 0),
('134', 1778, 0),
('134', 1779, 0),
('134', 1780, 0),
('134', 1781, 0),
('134', 1782, 0),
('134', 1783, 0),
('134', 1784, 0),
('134', 1785, 0),
('134', 1786, 0),
('134', 1787, 0),
('134', 1788, 0),
('134', 1789, 0),
('134', 1790, 0),
('134', 1791, 0),
('134', 1792, 0),
('134', 1793, 0),
('134', 1794, 0),
('134', 1795, 0),
('134', 1796, 0),
('134', 1797, 0),
('134', 1798, 0),
('134', 1799, 0),
('134', 1800, 0),
('134', 1801, 0),
('134', 1802, 0),
('134', 1803, 0),
('134', 1804, 0),
('134', 1805, 0),
('134', 1806, 0),
('134', 1807, 0),
('134', 1808, 0),
('134', 1809, 0),
('134', 1810, 0),
('134', 1811, 0),
('134', 1812, 0),
('134', 1813, 0),
('134', 1814, 0),
('134', 1815, 0),
('134', 1816, 0),
('134', 1817, 0),
('134', 1818, 0),
('134', 1819, 0),
('134', 1820, 0),
('134', 1821, 0),
('134', 1822, 0),
('134', 1823, 0),
('134', 1824, 0),
('134', 1825, 0),
('134', 1826, 0),
('134', 1827, 0),
('134', 1828, 0),
('134', 1829, 0),
('134', 1830, 0),
('134', 1831, 0),
('134', 1832, 0),
('134', 1833, 0),
('134', 1834, 0),
('134', 1835, 0),
('134', 1836, 0),
('134', 1837, 0),
('134', 1838, 0),
('134', 1839, 0),
('134', 1840, 0),
('134', 1841, 0),
('134', 1842, 0),
('134', 1843, 0),
('134', 1844, 0),
('134', 1845, 0),
('134', 1846, 0),
('134', 1847, 0),
('134', 1848, 0),
('134', 1849, 0),
('134', 1850, 0),
('134', 1851, 0),
('134', 1852, 0),
('134', 1853, 0),
('134', 1854, 0),
('134', 1855, 0),
('134', 1856, 0),
('134', 1857, 0),
('134', 1858, 0),
('134', 1859, 0),
('134', 1860, 0),
('134', 1861, 0),
('134', 1862, 0),
('134', 1863, 0),
('134', 1864, 0),
('134', 1865, 0),
('134', 1866, 0),
('134', 1867, 0),
('134', 1868, 0),
('134', 1869, 0),
('134', 1870, 0),
('134', 1871, 0),
('134', 1872, 0),
('134', 1873, 0),
('134', 1874, 0),
('134', 1875, 0),
('134', 1876, 0),
('134', 1877, 0),
('134', 1878, 0),
('134', 1879, 0),
('134', 1880, 0),
('134', 1881, 0),
('134', 1882, 0),
('134', 1883, 0),
('134', 1884, 0),
('134', 1885, 0),
('134', 1886, 0),
('134', 1887, 0),
('134', 1888, 0),
('134', 1889, 0),
('134', 1890, 0),
('134', 1891, 0),
('134', 1892, 0),
('134', 1893, 0),
('134', 1894, 0),
('134', 1895, 0),
('134', 1896, 0),
('134', 1897, 0),
('134', 1898, 0),
('134', 1899, 0),
('134', 1900, 0),
('134', 1901, 0),
('134', 1902, 0),
('134', 1903, 0),
('134', 1904, 0),
('134', 1905, 0),
('134', 1906, 0),
('134', 1907, 0),
('134', 1908, 0),
('134', 1909, 0),
('134', 1910, 0),
('134', 1911, 0),
('134', 1912, 0),
('134', 1913, 0),
('134', 1914, 0),
('134', 1915, 0),
('134', 1916, 0),
('134', 1917, 0),
('134', 1918, 0),
('134', 1919, 0),
('134', 1920, 0),
('134', 1921, 0),
('134', 1922, 0),
('134', 1923, 0),
('134', 1924, 0),
('134', 1925, 0),
('134', 1926, 0),
('134', 1927, 0),
('134', 1928, 0),
('134', 1929, 0),
('134', 1930, 0),
('134', 1931, 0),
('134', 1932, 0),
('134', 1933, 0),
('134', 1934, 0),
('134', 1935, 0),
('134', 1936, 0),
('134', 1937, 0),
('134', 1938, 0),
('134', 1939, 0),
('134', 1940, 0),
('134', 1941, 0),
('134', 1942, 0),
('134', 1943, 0),
('134', 1944, 0),
('134', 1945, 0),
('134', 1946, 0),
('134', 1947, 0),
('134', 1948, 0),
('134', 1949, 0),
('134', 1950, 0),
('134', 1951, 0),
('134', 1952, 0),
('134', 1953, 0),
('134', 1954, 0),
('134', 1955, 0),
('134', 1956, 0),
('134', 1957, 0),
('134', 1958, 0),
('134', 1959, 0),
('134', 1960, 0),
('134', 1961, 0),
('134', 1962, 0),
('134', 1963, 0),
('134', 1964, 0),
('134', 1965, 0),
('134', 1966, 0),
('134', 1967, 0),
('134', 1968, 0),
('134', 1969, 0),
('134', 1970, 0),
('134', 1971, 0),
('134', 1972, 0),
('134', 1973, 0),
('134', 1974, 0),
('134', 1975, 0),
('134', 1976, 0),
('134', 1977, 0),
('134', 1978, 0),
('134', 1979, 0),
('134', 1980, 0),
('134', 1981, 0),
('134', 1982, 0),
('134', 1983, 0),
('134', 1984, 0),
('134', 1985, 0),
('134', 1986, 0),
('134', 1987, 0),
('134', 1988, 0),
('134', 1989, 0),
('134', 1990, 0),
('134', 1991, 0),
('134', 1992, 0),
('134', 1993, 0),
('134', 1994, 0),
('134', 1995, 0),
('134', 1996, 0),
('134', 1997, 0),
('134', 1998, 0),
('134', 1999, 0),
('134', 2000, 0),
('134', 2001, 0),
('134', 2002, 0),
('134', 2003, 0),
('134', 2004, 0),
('134', 2005, 0),
('134', 2006, 0),
('134', 2007, 0),
('134', 2008, 0),
('134', 2009, 0),
('134', 2010, 0),
('134', 2011, 0),
('134', 2012, 0),
('134', 2013, 0),
('134', 2014, 0),
('134', 2015, 0),
('134', 2016, 0),
('134', 2017, 0),
('134', 2018, 0),
('134', 2019, 0),
('134', 2020, 0),
('134', 2021, 0),
('134', 2022, 0),
('134', 2023, 0),
('134', 2024, 0),
('134', 2025, 0),
('134', 2026, 0),
('134', 2027, 0),
('134', 2028, 0),
('134', 2029, 0),
('134', 2030, 0),
('134', 2031, 0),
('134', 2032, 0),
('134', 2033, 0),
('134', 2034, 0),
('134', 2035, 0),
('134', 2036, 0),
('134', 2037, 0),
('134', 2038, 0),
('134', 2039, 0),
('134', 2040, 0),
('134', 2041, 0),
('134', 2042, 0),
('134', 2043, 0),
('134', 2044, 0),
('134', 2045, 0),
('134', 2046, 0),
('134', 2047, 0),
('134', 2048, 0),
('134', 2049, 0),
('134', 2050, 0),
('134', 2051, 0),
('134', 2052, 0),
('134', 2053, 0),
('134', 2054, 0),
('134', 2055, 0),
('134', 2056, 0),
('134', 2057, 0),
('134', 2058, 0),
('134', 2059, 0),
('134', 2060, 0),
('134', 2061, 0),
('134', 2062, 0),
('134', 2063, 0),
('134', 2064, 0),
('134', 2065, 0),
('134', 2066, 0),
('134', 2067, 0),
('134', 2068, 0),
('134', 2069, 0),
('134', 2070, 0),
('134', 2071, 0),
('134', 2072, 0),
('134', 2073, 0),
('134', 2074, 0),
('134', 2075, 0),
('134', 2076, 0),
('134', 2077, 0),
('134', 2078, 0),
('134', 2079, 0),
('134', 2080, 0),
('134', 2081, 0),
('134', 2082, 0),
('134', 2083, 0),
('134', 2084, 0),
('134', 2085, 0),
('134', 2086, 0),
('134', 2087, 0),
('134', 2088, 0),
('134', 2089, 0),
('134', 2090, 0),
('134', 2091, 0),
('134', 2092, 0),
('134', 2093, 0),
('134', 2094, 0),
('134', 2095, 0),
('134', 2096, 0),
('134', 2097, 0),
('134', 2098, 0),
('134', 2099, 0),
('134', 2100, 0),
('134', 2101, 0),
('134', 2102, 0),
('134', 2103, 0),
('134', 2104, 0),
('134', 2105, 0),
('134', 2106, 0),
('134', 2107, 0),
('134', 2108, 0),
('134', 2109, 0),
('134', 2110, 0),
('134', 2111, 0),
('134', 2112, 0),
('134', 2113, 0),
('134', 2114, 0),
('134', 2115, 0),
('134', 2116, 0),
('134', 2117, 0),
('134', 2118, 0),
('134', 2119, 0),
('134', 2120, 0),
('134', 2121, 0),
('134', 2122, 0),
('134', 2123, 0),
('134', 2124, 0),
('134', 2125, 0),
('134', 2126, 0),
('134', 2127, 0),
('134', 2128, 0),
('134', 2129, 0),
('134', 2130, 0),
('134', 2131, 0),
('134', 2132, 0),
('134', 2133, 0),
('134', 2134, 0),
('134', 2135, 0),
('134', 2136, 0),
('134', 2137, 0),
('134', 2138, 0),
('134', 2139, 0),
('134', 2140, 0),
('134', 2141, 0),
('134', 2142, 0),
('134', 2143, 0),
('134', 2144, 0),
('134', 2145, 0),
('134', 2146, 0),
('134', 2147, 0),
('134', 2148, 0),
('134', 2149, 0),
('134', 2150, 0),
('134', 2151, 0),
('134', 2152, 0),
('134', 2153, 0),
('134', 2154, 0),
('134', 2155, 0),
('134', 2156, 0),
('134', 2157, 0),
('134', 2158, 0),
('134', 2159, 0),
('134', 2160, 0),
('134', 2161, 0),
('134', 2162, 0),
('134', 2163, 0),
('134', 2164, 0),
('134', 2165, 0),
('134', 2166, 0),
('134', 2167, 0),
('134', 2168, 0),
('134', 2169, 0),
('134', 2170, 0),
('134', 2171, 0),
('134', 2172, 0),
('134', 2173, 0),
('134', 2174, 0),
('134', 2175, 0),
('134', 2176, 0),
('134', 2177, 0),
('134', 2178, 0),
('134', 2179, 0),
('134', 2180, 0),
('134', 2181, 0),
('134', 2182, 0),
('134', 2183, 0),
('134', 2184, 0),
('134', 2185, 0),
('134', 2186, 0),
('134', 2187, 0),
('134', 2188, 0),
('134', 2189, 0),
('134', 2190, 0),
('134', 2191, 0),
('134', 2192, 0),
('134', 2193, 0),
('134', 2194, 0),
('134', 2195, 0),
('134', 2196, 0),
('134', 2197, 0),
('134', 2198, 0),
('134', 2199, 0),
('134', 2200, 0),
('134', 2201, 0),
('134', 2202, 0),
('134', 2203, 0),
('134', 2204, 0),
('134', 2205, 0),
('134', 2206, 0),
('134', 2207, 0),
('134', 2208, 0),
('134', 2209, 0),
('134', 2210, 0),
('134', 2211, 0),
('134', 2212, 0),
('134', 2213, 0),
('134', 2214, 0),
('134', 2215, 0),
('134', 2216, 0),
('134', 2217, 0),
('134', 2218, 0),
('134', 2219, 0),
('134', 2220, 0),
('134', 2221, 0),
('134', 2222, 0),
('134', 2223, 0),
('134', 2224, 0),
('134', 2225, 0),
('134', 2226, 0),
('134', 2227, 0),
('134', 2228, 0),
('134', 2229, 0),
('134', 2230, 0),
('134', 2231, 0),
('134', 2232, 0),
('134', 2233, 0),
('134', 2234, 0),
('134', 2235, 0),
('134', 2236, 0),
('134', 2237, 0),
('134', 2238, 0),
('134', 2239, 0),
('134', 2240, 0),
('134', 2241, 0),
('134', 2242, 0),
('134', 2243, 0),
('134', 2244, 0),
('134', 2245, 0),
('134', 2246, 0),
('134', 2247, 0),
('134', 2248, 0),
('134', 2249, 0),
('134', 2250, 0),
('134', 2251, 0),
('134', 2252, 0),
('134', 2253, 0),
('134', 2254, 0),
('134', 2255, 0),
('134', 2256, 0),
('134', 2257, 0),
('134', 2258, 0),
('134', 2259, 0),
('134', 2260, 0),
('134', 2261, 0),
('134', 2262, 0),
('134', 2263, 0),
('134', 2264, 0),
('134', 2265, 0),
('134', 2266, 0),
('134', 2267, 0),
('134', 2268, 0),
('134', 2269, 0),
('134', 2270, 0),
('134', 2271, 0),
('134', 2272, 0),
('134', 2273, 0),
('134', 2274, 0),
('134', 2275, 0),
('134', 2276, 0),
('134', 2277, 0),
('134', 2278, 0),
('134', 2279, 0),
('134', 2280, 0),
('134', 2281, 0),
('134', 2282, 0),
('134', 2283, 0),
('134', 2284, 0),
('134', 2285, 0),
('134', 2286, 0),
('134', 2287, 0),
('134', 2288, 0),
('134', 2289, 0),
('134', 2290, 0),
('134', 2291, 0),
('134', 2292, 0),
('134', 2293, 0),
('134', 2294, 0),
('134', 2295, 0),
('134', 2296, 0),
('134', 2297, 0),
('134', 2298, 0),
('134', 2299, 0),
('134', 2300, 0),
('134', 2301, 0),
('134', 2302, 0),
('134', 2303, 0),
('134', 2304, 0),
('134', 2305, 0),
('134', 2306, 0),
('134', 2307, 0),
('134', 2308, 0),
('134', 2309, 0),
('134', 2310, 0),
('134', 2311, 0),
('134', 2312, 0),
('134', 2313, 0),
('134', 2314, 0),
('134', 2315, 0),
('134', 2316, 0),
('134', 2317, 0),
('134', 2318, 0),
('134', 2319, 0),
('134', 2320, 0),
('134', 2321, 0),
('134', 2322, 0),
('134', 2323, 0),
('134', 2324, 0),
('134', 2325, 0),
('134', 2326, 0),
('134', 2327, 0),
('134', 2328, 0),
('134', 2329, 0),
('134', 2330, 0),
('134', 2331, 0),
('134', 2332, 0),
('134', 2333, 0),
('134', 2334, 0),
('134', 2335, 0),
('134', 2336, 0),
('134', 2337, 0),
('134', 2338, 0),
('134', 2339, 0),
('134', 2340, 0),
('134', 2341, 0),
('134', 2342, 0),
('134', 2343, 0),
('134', 2344, 0),
('134', 2345, 0),
('134', 2346, 0),
('134', 2347, 0),
('134', 2348, 0),
('134', 2349, 0),
('134', 2350, 0),
('134', 2351, 0),
('134', 2352, 0),
('134', 2353, 0),
('134', 2354, 0),
('134', 2355, 0),
('134', 2356, 0),
('134', 2357, 0),
('134', 2358, 0),
('134', 2359, 0),
('134', 2360, 0),
('134', 2361, 0),
('134', 2362, 0),
('134', 2363, 0),
('134', 2364, 0),
('134', 2365, 0),
('134', 2366, 0),
('134', 2367, 0),
('134', 2368, 0),
('134', 2369, 0),
('134', 2370, 0),
('134', 2371, 0),
('134', 2372, 0),
('134', 2373, 0),
('134', 2374, 0),
('134', 2375, 0),
('134', 2376, 0),
('134', 2377, 0),
('134', 2378, 0),
('134', 2379, 0),
('134', 2380, 0),
('134', 2381, 0),
('134', 2382, 0),
('134', 2383, 0),
('134', 2384, 0),
('134', 2385, 0),
('134', 2386, 0),
('134', 2387, 0),
('134', 2388, 0),
('134', 2389, 0),
('134', 2390, 0),
('134', 2391, 0),
('134', 2392, 0),
('134', 2393, 0),
('134', 2394, 0),
('134', 2395, 0),
('134', 2396, 0),
('134', 2397, 0),
('134', 2398, 0),
('134', 2399, 0),
('134', 2400, 0),
('134', 2401, 0),
('134', 2402, 0),
('134', 2403, 0),
('134', 2404, 0),
('134', 2405, 0),
('134', 2406, 0),
('134', 2407, 0),
('134', 2408, 0),
('134', 2409, 0),
('134', 2410, 0),
('134', 2411, 0),
('134', 2412, 0),
('134', 2413, 0),
('134', 2414, 0),
('134', 2415, 0),
('134', 2416, 0),
('134', 2417, 0),
('134', 2418, 0),
('134', 2419, 0),
('134', 2420, 0),
('134', 2421, 0),
('134', 2422, 0),
('134', 2423, 0),
('134', 2424, 0),
('134', 2425, 0),
('134', 2426, 0),
('134', 2427, 0),
('134', 2428, 0),
('134', 2429, 0),
('134', 2430, 0),
('134', 2431, 0),
('134', 2432, 0),
('134', 2433, 0),
('134', 2434, 0),
('134', 2435, 0),
('134', 2436, 0),
('134', 2437, 0),
('134', 2438, 0),
('134', 2439, 0),
('134', 2440, 0),
('134', 2441, 0),
('134', 2442, 0),
('134', 2443, 0),
('134', 2444, 0),
('134', 2445, 0),
('134', 2446, 0),
('134', 2447, 0),
('134', 2448, 0),
('134', 2449, 0),
('134', 2450, 0),
('134', 2451, 0),
('134', 2452, 0),
('134', 2453, 0),
('134', 2454, 0),
('134', 2455, 0),
('134', 2456, 0),
('134', 2457, 0),
('134', 2458, 0),
('134', 2459, 0),
('134', 2460, 0),
('134', 2461, 0),
('134', 2462, 0),
('134', 2463, 0),
('134', 2464, 0),
('134', 2465, 0),
('134', 2466, 0),
('134', 2467, 0),
('134', 2468, 0),
('134', 2469, 0),
('134', 2470, 0),
('134', 2471, 0),
('134', 2472, 0),
('134', 2473, 0),
('134', 2474, 0),
('134', 2475, 0),
('134', 2476, 0),
('134', 2477, 0),
('134', 2478, 0),
('134', 2479, 0),
('134', 2480, 0),
('134', 2481, 0),
('134', 2482, 0),
('134', 2483, 0),
('134', 2484, 0),
('134', 2485, 0),
('134', 2486, 0),
('134', 2487, 0),
('134', 2488, 0),
('134', 2489, 0),
('134', 2490, 0),
('134', 2491, 0),
('134', 2492, 0),
('134', 2493, 0),
('134', 2494, 0),
('134', 2495, 0),
('134', 2496, 0),
('134', 2497, 0),
('134', 2498, 0),
('134', 2499, 0),
('134', 2500, 0),
('134', 2501, 0),
('134', 2502, 0),
('134', 2503, 0),
('134', 2504, 0),
('134', 2505, 0),
('134', 2506, 0),
('134', 2507, 0),
('134', 2508, 0),
('134', 2509, 0),
('134', 2510, 0),
('134', 2511, 0),
('134', 2512, 0),
('134', 2513, 0),
('134', 2514, 0),
('134', 2515, 0),
('134', 2516, 0),
('134', 2517, 0),
('134', 2518, 0),
('134', 2519, 0),
('134', 2520, 0),
('134', 2521, 0),
('134', 2522, 0),
('134', 2523, 0),
('134', 2524, 0),
('134', 2525, 0),
('134', 2526, 0),
('134', 2527, 0),
('134', 2528, 0),
('134', 2529, 0),
('134', 2530, 0),
('134', 2531, 0),
('134', 2532, 0),
('134', 2533, 0),
('134', 2534, 0),
('134', 2535, 0),
('134', 2536, 0),
('134', 2537, 0),
('134', 2538, 0),
('134', 2539, 0),
('134', 2540, 0),
('134', 2541, 0),
('134', 2542, 0),
('134', 2543, 0),
('134', 2544, 0),
('134', 2545, 0),
('134', 2546, 0),
('134', 2547, 0),
('134', 2548, 0),
('134', 2549, 0),
('134', 2550, 0),
('134', 2551, 0),
('134', 2552, 0),
('134', 2553, 0),
('134', 2554, 0),
('134', 2555, 0),
('134', 2556, 0),
('134', 2557, 0),
('134', 2558, 0),
('134', 2559, 0),
('134', 2560, 0),
('134', 2561, 0),
('134', 2562, 0),
('134', 2563, 0),
('134', 2564, 0),
('134', 2565, 0),
('134', 2566, 0),
('134', 2567, 0),
('134', 2568, 0),
('134', 2569, 0),
('134', 2570, 0),
('134', 2571, 0),
('134', 2572, 0),
('134', 2573, 0),
('134', 2574, 0),
('134', 2575, 0),
('134', 2576, 0),
('134', 2577, 0),
('134', 2578, 0),
('134', 2579, 0),
('134', 2580, 0),
('134', 2581, 0),
('134', 2582, 0),
('134', 2583, 0),
('134', 2584, 0),
('134', 2585, 0),
('134', 2586, 0),
('134', 2587, 0),
('134', 2588, 0),
('134', 2589, 0),
('134', 2590, 0),
('134', 2591, 0),
('134', 2592, 0),
('134', 2593, 0),
('134', 2594, 0),
('134', 2595, 0),
('134', 2596, 0),
('134', 2597, 0),
('134', 2598, 0),
('134', 2599, 0),
('134', 2600, 0),
('134', 2601, 0),
('134', 2602, 0),
('134', 2603, 0),
('134', 2604, 0),
('134', 2605, 0),
('134', 2606, 0),
('134', 2607, 0),
('134', 2608, 0),
('134', 2609, 0),
('134', 2610, 0),
('134', 2611, 0),
('134', 2612, 0),
('134', 2613, 0),
('134', 2614, 0),
('134', 2615, 0),
('134', 2616, 0),
('134', 2617, 0),
('134', 2618, 0),
('134', 2619, 0),
('134', 2620, 0),
('134', 2621, 0),
('134', 2622, 0),
('134', 2623, 0),
('134', 2624, 0),
('134', 2625, 0),
('134', 2626, 0),
('134', 2627, 0),
('134', 2628, 0),
('134', 2629, 0),
('134', 2630, 0),
('134', 2631, 0),
('134', 2632, 0),
('134', 2633, 0),
('134', 2634, 0),
('134', 2635, 0),
('134', 2636, 0),
('134', 2637, 0),
('134', 2638, 0),
('134', 2639, 0),
('134', 2640, 0),
('134', 2641, 0),
('134', 2642, 0),
('134', 2643, 0),
('134', 2644, 0),
('134', 2645, 0),
('134', 2646, 0),
('134', 2647, 0),
('134', 2648, 0),
('134', 2649, 0),
('134', 2650, 0),
('134', 2651, 0),
('134', 2652, 0),
('134', 2653, 0),
('134', 2654, 0),
('134', 2655, 0),
('134', 2656, 0),
('134', 2657, 0),
('134', 2658, 0),
('134', 2659, 0),
('134', 2660, 0),
('134', 2661, 0),
('134', 2662, 0),
('134', 2663, 0),
('134', 2664, 0),
('134', 2665, 0),
('134', 2666, 0),
('134', 2667, 0),
('134', 2668, 0),
('134', 2669, 0),
('134', 2670, 0),
('134', 2671, 0),
('134', 2672, 0),
('134', 2673, 0),
('134', 2674, 0),
('134', 2675, 0),
('134', 2676, 0),
('134', 2677, 0),
('134', 2678, 0),
('134', 2679, 0),
('134', 2680, 0),
('134', 2681, 0),
('134', 2682, 0),
('134', 2683, 0),
('134', 2684, 0),
('134', 2685, 0),
('134', 2686, 0),
('134', 2687, 0),
('134', 2688, 0),
('134', 2689, 0),
('134', 2690, 0),
('134', 2691, 0),
('134', 2692, 0),
('134', 2693, 0),
('134', 2694, 0),
('134', 2695, 0),
('134', 2696, 0),
('134', 2697, 0),
('134', 2698, 0),
('134', 2699, 0),
('134', 2700, 0),
('134', 2701, 0),
('134', 2702, 0),
('134', 2703, 0),
('134', 2704, 0),
('134', 2705, 0),
('134', 2706, 0),
('134', 2707, 0),
('134', 2708, 0),
('134', 2709, 0),
('134', 2710, 0),
('134', 2711, 0),
('134', 2712, 0),
('134', 2713, 0),
('134', 2714, 0),
('134', 2715, 0),
('134', 2716, 0),
('134', 2717, 0),
('134', 2718, 0),
('134', 2719, 0),
('134', 2720, 0),
('134', 2721, 0),
('134', 2722, 0),
('134', 2723, 0),
('134', 2724, 0),
('134', 2725, 0),
('134', 2726, 0),
('134', 2727, 0),
('134', 2728, 0),
('134', 2729, 0),
('134', 2730, 0),
('134', 2731, 0),
('134', 2732, 0),
('134', 2733, 0),
('134', 2734, 0),
('134', 2735, 0),
('134', 2736, 0),
('134', 2737, 0),
('134', 2738, 0),
('134', 2739, 0),
('134', 2740, 0),
('134', 2741, 0),
('134', 2742, 0),
('134', 2743, 0),
('134', 2744, 0),
('134', 2745, 0),
('134', 2746, 0),
('134', 2747, 0),
('134', 2748, 0),
('134', 2749, 0),
('134', 2750, 0),
('134', 2751, 0),
('134', 2752, 0),
('134', 2753, 0),
('134', 2754, 0),
('134', 2755, 0),
('134', 2756, 0),
('134', 2757, 0),
('134', 2758, 0),
('134', 2759, 0),
('134', 2760, 0),
('134', 2761, 0),
('134', 2762, 0),
('134', 2763, 0),
('134', 2764, 0),
('134', 2765, 0),
('134', 2766, 0),
('134', 2767, 0),
('134', 2768, 0),
('134', 2769, 0),
('134', 2770, 0),
('134', 2771, 0),
('134', 2772, 0),
('134', 2773, 0),
('134', 2774, 0),
('134', 2775, 0),
('134', 2776, 0),
('134', 2777, 0),
('134', 2778, 0),
('134', 2779, 0),
('134', 2780, 0),
('134', 2781, 0),
('134', 2782, 0),
('134', 2783, 0),
('134', 2784, 0),
('134', 2785, 0),
('134', 2786, 0),
('134', 2787, 0),
('134', 2788, 0),
('134', 2789, 0),
('134', 2790, 0),
('134', 2791, 0),
('134', 2792, 0),
('134', 2793, 0),
('134', 2794, 0),
('134', 2795, 0),
('134', 2796, 0),
('134', 2797, 0),
('134', 2798, 0),
('134', 2799, 0),
('134', 2800, 0),
('134', 2801, 0),
('134', 2802, 0),
('134', 2803, 0),
('134', 2804, 0),
('134', 2805, 0),
('134', 2806, 0),
('134', 2807, 0),
('134', 2808, 0),
('134', 2809, 0),
('134', 2810, 0),
('134', 2811, 0),
('134', 2812, 0),
('134', 2813, 0),
('134', 2814, 0),
('134', 2815, 0),
('134', 2816, 0),
('134', 2817, 0),
('134', 2818, 0),
('134', 2819, 0),
('134', 2820, 0),
('134', 2821, 0),
('134', 2822, 0),
('134', 2823, 0),
('134', 2824, 0),
('134', 2825, 0),
('134', 2826, 0),
('134', 2827, 0),
('134', 2828, 0),
('134', 2829, 0),
('134', 2830, 0),
('134', 2831, 0),
('134', 2832, 0),
('134', 2833, 0),
('134', 2834, 0),
('134', 2835, 0),
('134', 2836, 0),
('134', 2837, 0),
('134', 2838, 0),
('134', 2839, 0),
('134', 2840, 0),
('134', 2841, 0),
('134', 2842, 0),
('134', 2843, 0),
('134', 2844, 0),
('134', 2845, 0),
('134', 2846, 0),
('134', 2847, 0),
('134', 2848, 0),
('134', 2849, 0),
('134', 2850, 0),
('134', 2851, 0),
('134', 2852, 0),
('134', 2853, 0),
('134', 2854, 0),
('134', 2855, 0),
('134', 2856, 0),
('134', 2857, 0),
('134', 2858, 0),
('134', 2859, 0),
('134', 2860, 0),
('134', 2861, 0),
('134', 2862, 0),
('134', 2863, 0),
('134', 2864, 0),
('134', 2865, 0),
('134', 2866, 0),
('134', 2867, 0),
('134', 2868, 0),
('134', 2869, 0),
('134', 2870, 0),
('134', 2871, 0),
('134', 2872, 0),
('134', 2873, 0),
('134', 2874, 0),
('134', 2875, 0),
('134', 2876, 0),
('134', 2877, 0),
('134', 2878, 0),
('134', 2879, 0),
('134', 2880, 0),
('134', 2881, 0),
('134', 2882, 0),
('134', 2883, 0),
('134', 2884, 0),
('134', 2885, 0),
('134', 2886, 0),
('134', 2887, 0),
('134', 2888, 0),
('134', 2889, 0),
('134', 2890, 0),
('134', 2891, 0),
('134', 2892, 0),
('134', 2893, 0),
('134', 2894, 0),
('134', 2895, 0),
('134', 2896, 0),
('134', 2897, 0),
('134', 2898, 0),
('134', 2899, 0),
('134', 2900, 0),
('134', 2901, 0),
('134', 2902, 0),
('134', 2903, 0),
('134', 2904, 0),
('134', 2905, 0),
('134', 2906, 0),
('134', 2907, 0),
('134', 2908, 0),
('134', 2909, 0),
('134', 2910, 0),
('134', 2911, 0),
('134', 2912, 0),
('134', 2913, 0),
('134', 2914, 0),
('134', 2915, 0),
('134', 2916, 0),
('134', 2917, 0),
('134', 2918, 0),
('134', 2919, 0),
('134', 2920, 0),
('134', 2921, 0),
('134', 2922, 0),
('134', 2923, 0),
('134', 2924, 0),
('134', 2925, 0),
('134', 2926, 0),
('134', 2927, 0),
('134', 2928, 0),
('134', 2929, 0),
('134', 2930, 0),
('134', 2931, 0),
('134', 2932, 0),
('134', 2933, 0),
('134', 2934, 0),
('134', 2935, 0),
('134', 2936, 0),
('134', 2937, 0),
('134', 2938, 0),
('134', 2939, 0),
('134', 2940, 0),
('134', 2941, 0),
('134', 2942, 0),
('134', 2943, 0),
('134', 2944, 0),
('134', 2945, 0),
('134', 2946, 0),
('134', 2947, 0),
('134', 2948, 0),
('134', 2949, 0),
('134', 2950, 0),
('134', 2951, 0),
('134', 2952, 0),
('134', 2953, 0),
('134', 2954, 0),
('134', 2955, 0),
('134', 2956, 0),
('134', 2957, 0),
('134', 2958, 0),
('134', 2959, 0),
('134', 2960, 0),
('134', 2961, 0),
('134', 2962, 0),
('134', 2963, 0),
('134', 2964, 0),
('134', 2965, 0),
('134', 2966, 0),
('134', 2967, 0),
('134', 2968, 0),
('134', 2969, 0),
('134', 2970, 0),
('134', 2971, 0),
('134', 2972, 0),
('134', 2973, 0),
('134', 2974, 0),
('134', 2975, 0),
('134', 2976, 0),
('134', 2977, 0),
('134', 2978, 0),
('134', 2979, 0),
('134', 2980, 0),
('134', 2981, 0),
('134', 2982, 0),
('134', 2983, 0),
('134', 2984, 0),
('134', 2985, 0),
('134', 2986, 0),
('134', 2987, 0),
('134', 2988, 0),
('134', 2989, 0),
('134', 2990, 0),
('134', 2991, 0),
('134', 2992, 0),
('134', 2993, 0),
('134', 2994, 0),
('134', 2995, 0),
('134', 2996, 0),
('134', 2997, 0),
('134', 2998, 0),
('134', 2999, 0),
('134', 3000, 0),
('134', 3001, 0),
('134', 3002, 0),
('134', 3003, 0),
('134', 3004, 0),
('134', 3005, 0),
('134', 3006, 0),
('134', 3007, 0),
('134', 3008, 0),
('134', 3009, 0),
('134', 3010, 0),
('134', 3011, 0),
('134', 3012, 0),
('134', 3013, 0),
('134', 3014, 0),
('134', 3015, 0),
('134', 3016, 0),
('134', 3017, 0),
('134', 3018, 0),
('134', 3019, 0),
('134', 3020, 0),
('134', 3021, 0),
('134', 3022, 0),
('134', 3023, 0),
('134', 3024, 0),
('134', 3025, 0),
('134', 3026, 0),
('134', 3027, 0),
('134', 3028, 0),
('134', 3029, 0),
('134', 3030, 0),
('134', 3031, 0),
('134', 3032, 0),
('134', 3033, 0),
('134', 3034, 0),
('134', 3035, 0),
('134', 3036, 0),
('134', 3037, 0),
('134', 3038, 0),
('134', 3039, 0),
('134', 3040, 0),
('134', 3041, 0),
('134', 3042, 0),
('134', 3043, 0),
('134', 3044, 0),
('134', 3045, 0),
('134', 3046, 0),
('134', 3047, 0),
('134', 3048, 0),
('134', 3049, 0),
('134', 3050, 0),
('134', 3051, 0),
('134', 3052, 0),
('134', 3053, 0),
('134', 3054, 0),
('134', 3055, 0),
('134', 3056, 0),
('134', 3057, 0),
('134', 3058, 0),
('134', 3059, 0),
('134', 3060, 0),
('134', 3061, 0),
('134', 3062, 0),
('134', 3063, 0),
('134', 3064, 0),
('134', 3065, 0),
('134', 3066, 0),
('134', 3067, 0),
('134', 3068, 0),
('134', 3069, 0),
('134', 3070, 0),
('134', 3071, 0),
('134', 3072, 0),
('134', 3073, 0),
('134', 3074, 0),
('134', 3075, 0),
('134', 3076, 0),
('134', 3077, 0),
('134', 3078, 0),
('134', 3079, 0),
('134', 3080, 0),
('134', 3081, 0),
('134', 3082, 0),
('134', 3083, 0),
('134', 3084, 0),
('134', 3085, 0),
('134', 3086, 0),
('134', 3087, 0),
('134', 3088, 0),
('134', 3089, 0),
('134', 3090, 0),
('134', 3091, 0),
('134', 3092, 0),
('134', 3093, 0),
('134', 3094, 0),
('134', 3095, 0),
('134', 3096, 0),
('134', 3097, 0),
('134', 3098, 0),
('134', 3099, 0),
('134', 3100, 0),
('134', 3101, 0),
('134', 3102, 0),
('134', 3103, 0),
('134', 3104, 0),
('134', 3105, 0),
('134', 3106, 0),
('134', 3107, 0),
('134', 3108, 0),
('134', 3109, 0),
('134', 3110, 0),
('134', 3111, 0),
('134', 3112, 0),
('134', 3113, 0),
('134', 3114, 0),
('134', 3115, 0),
('134', 3116, 0),
('134', 3117, 0),
('134', 3118, 0),
('134', 3119, 0),
('134', 3120, 0),
('134', 3121, 0),
('134', 3122, 0),
('134', 3123, 0),
('134', 3124, 0),
('134', 3125, 0),
('134', 3126, 0),
('134', 3127, 0),
('134', 3128, 0),
('134', 3129, 0),
('134', 3130, 0),
('134', 3131, 0),
('134', 3132, 0),
('134', 3133, 0);
INSERT INTO `place` (`n_avion`, `n_place`, `occupation`) VALUES
('134', 3134, 0),
('134', 3135, 0),
('134', 3136, 0),
('134', 3137, 0),
('134', 3138, 0),
('134', 3139, 0),
('134', 3140, 0),
('134', 3141, 0),
('134', 3142, 0),
('134', 3143, 0),
('134', 3144, 0),
('134', 3145, 0),
('134', 3146, 0),
('134', 3147, 0),
('134', 3148, 0),
('134', 3149, 0),
('134', 3150, 0),
('134', 3151, 0),
('134', 3152, 0),
('134', 3153, 0),
('134', 3154, 0),
('134', 3155, 0),
('134', 3156, 0),
('134', 3157, 0),
('134', 3158, 0),
('134', 3159, 0),
('134', 3160, 0),
('134', 3161, 0),
('134', 3162, 0),
('134', 3163, 0),
('134', 3164, 0),
('134', 3165, 0),
('134', 3166, 0),
('134', 3167, 0),
('134', 3168, 0),
('134', 3169, 0),
('134', 3170, 0),
('134', 3171, 0),
('134', 3172, 0),
('134', 3173, 0),
('134', 3174, 0),
('134', 3175, 0),
('134', 3176, 0),
('134', 3177, 0),
('134', 3178, 0),
('134', 3179, 0),
('134', 3180, 0),
('134', 3181, 0),
('134', 3182, 0),
('134', 3183, 0),
('134', 3184, 0),
('134', 3185, 0),
('134', 3186, 0),
('134', 3187, 0),
('134', 3188, 0),
('134', 3189, 0),
('134', 3190, 0),
('134', 3191, 0),
('134', 3192, 0),
('134', 3193, 0),
('134', 3194, 0),
('134', 3195, 0),
('134', 3196, 0),
('134', 3197, 0),
('134', 3198, 0),
('134', 3199, 0),
('134', 3200, 0),
('134', 3201, 0),
('134', 3202, 0),
('134', 3203, 0),
('134', 3204, 0),
('134', 3205, 0),
('134', 3206, 0),
('134', 3207, 0),
('134', 3208, 0),
('134', 3209, 0),
('134', 3210, 0),
('134', 3211, 0),
('134', 3212, 0),
('134', 3213, 0),
('134', 3214, 0),
('134', 3215, 0),
('134', 3216, 0),
('134', 3217, 0),
('134', 3218, 0),
('134', 3219, 0),
('134', 3220, 0),
('134', 3221, 0),
('134', 3222, 0),
('134', 3223, 0),
('134', 3224, 0),
('134', 3225, 0),
('134', 3226, 0),
('134', 3227, 0),
('134', 3228, 0),
('134', 3229, 0),
('134', 3230, 0),
('134', 3231, 0),
('134', 3232, 0),
('134', 3233, 0),
('134', 3234, 0),
('134', 3235, 0),
('134', 3236, 0),
('134', 3237, 0),
('134', 3238, 0),
('134', 3239, 0),
('134', 3240, 0),
('134', 3241, 0),
('134', 3242, 0),
('134', 3243, 0),
('134', 3244, 0),
('134', 3245, 0),
('134', 3246, 0),
('134', 3247, 0),
('134', 3248, 0),
('134', 3249, 0),
('134', 3250, 0),
('134', 3251, 0),
('134', 3252, 0),
('134', 3253, 0),
('134', 3254, 0),
('134', 3255, 0),
('134', 3256, 0),
('134', 3257, 0),
('134', 3258, 0),
('134', 3259, 0),
('134', 3260, 0),
('134', 3261, 0),
('134', 3262, 0),
('134', 3263, 0),
('134', 3264, 0),
('134', 3265, 0),
('134', 3266, 0),
('134', 3267, 0),
('134', 3268, 0),
('134', 3269, 0),
('134', 3270, 0),
('134', 3271, 0),
('134', 3272, 0),
('134', 3273, 0),
('134', 3274, 0),
('134', 3275, 0),
('134', 3276, 0),
('134', 3277, 0),
('134', 3278, 0),
('134', 3279, 0),
('134', 3280, 0),
('134', 3281, 0),
('134', 3282, 0),
('134', 3283, 0),
('134', 3284, 0),
('134', 3285, 0),
('134', 3286, 0),
('134', 3287, 0),
('134', 3288, 0),
('134', 3289, 0),
('134', 3290, 0),
('134', 3291, 0),
('134', 3292, 0),
('134', 3293, 0),
('134', 3294, 0),
('134', 3295, 0),
('134', 3296, 0),
('134', 3297, 0),
('134', 3298, 0),
('134', 3299, 0),
('134', 3300, 0),
('134', 3301, 0),
('134', 3302, 0),
('134', 3303, 0),
('134', 3304, 0),
('134', 3305, 0),
('134', 3306, 0),
('134', 3307, 0),
('134', 3308, 0),
('134', 3309, 0),
('134', 3310, 0),
('134', 3311, 0),
('134', 3312, 0),
('134', 3313, 0),
('134', 3314, 0),
('134', 3315, 0),
('134', 3316, 0),
('134', 3317, 0),
('134', 3318, 0),
('134', 3319, 0),
('134', 3320, 0),
('134', 3321, 0),
('134', 3322, 0),
('134', 3323, 0),
('134', 3324, 0),
('134', 3325, 0),
('134', 3326, 0),
('134', 3327, 0),
('134', 3328, 0),
('134', 3329, 0),
('134', 3330, 0),
('134', 3331, 0),
('134', 3332, 0),
('134', 3333, 0),
('134', 3334, 0),
('134', 3335, 0),
('134', 3336, 0),
('134', 3337, 0),
('134', 3338, 0),
('134', 3339, 0),
('134', 3340, 0),
('134', 3341, 0),
('134', 3342, 0),
('134', 3343, 0),
('134', 3344, 0),
('134', 3345, 0),
('134', 3346, 0),
('134', 3347, 0),
('134', 3348, 0),
('134', 3349, 0),
('134', 3350, 0),
('134', 3351, 0),
('134', 3352, 0),
('134', 3353, 0),
('134', 3354, 0),
('134', 3355, 0),
('134', 3356, 0),
('134', 3357, 0),
('134', 3358, 0),
('134', 3359, 0),
('134', 3360, 0),
('134', 3361, 0),
('134', 3362, 0),
('134', 3363, 0),
('134', 3364, 0),
('134', 3365, 0),
('134', 3366, 0),
('134', 3367, 0),
('134', 3368, 0),
('134', 3369, 0),
('134', 3370, 0),
('134', 3371, 0),
('134', 3372, 0),
('134', 3373, 0),
('134', 3374, 0),
('134', 3375, 0),
('134', 3376, 0),
('134', 3377, 0),
('134', 3378, 0),
('134', 3379, 0),
('134', 3380, 0),
('134', 3381, 0),
('134', 3382, 0),
('134', 3383, 0),
('134', 3384, 0),
('134', 3385, 0),
('134', 3386, 0),
('134', 3387, 0),
('134', 3388, 0),
('134', 3389, 0),
('134', 3390, 0),
('134', 3391, 0),
('134', 3392, 0),
('134', 3393, 0),
('134', 3394, 0),
('134', 3395, 0),
('134', 3396, 0),
('134', 3397, 0),
('134', 3398, 0),
('134', 3399, 0),
('134', 3400, 0),
('134', 3401, 0),
('134', 3402, 0),
('134', 3403, 0),
('134', 3404, 0),
('134', 3405, 0),
('134', 3406, 0),
('134', 3407, 0),
('134', 3408, 0),
('134', 3409, 0),
('134', 3410, 0),
('134', 3411, 0),
('134', 3412, 0),
('134', 3413, 0),
('134', 3414, 0),
('134', 3415, 0),
('134', 3416, 0),
('134', 3417, 0),
('134', 3418, 0),
('134', 3419, 0),
('134', 3420, 0),
('134', 3421, 0),
('134', 3422, 0),
('134', 3423, 0),
('134', 3424, 0),
('134', 3425, 0),
('134', 3426, 0),
('134', 3427, 0),
('134', 3428, 0),
('134', 3429, 0),
('134', 3430, 0),
('134', 3431, 0),
('134', 3432, 0),
('134', 3433, 0),
('134', 3434, 0),
('134', 3435, 0),
('134', 3436, 0),
('134', 3437, 0),
('134', 3438, 0),
('134', 3439, 0),
('134', 3440, 0),
('134', 3441, 0),
('134', 3442, 0),
('134', 3443, 0),
('134', 3444, 0),
('134', 3445, 0),
('134', 3446, 0),
('134', 3447, 0),
('134', 3448, 0),
('134', 3449, 0),
('134', 3450, 0),
('134', 3451, 0),
('134', 3452, 0),
('134', 3453, 0),
('134', 3454, 0),
('134', 3455, 0),
('134', 3456, 0),
('134', 3457, 0),
('134', 3458, 0),
('134', 3459, 0),
('134', 3460, 0),
('134', 3461, 0),
('134', 3462, 0),
('134', 3463, 0),
('134', 3464, 0),
('134', 3465, 0),
('134', 3466, 0),
('134', 3467, 0),
('134', 3468, 0),
('134', 3469, 0),
('134', 3470, 0),
('134', 3471, 0),
('134', 3472, 0),
('134', 3473, 0),
('134', 3474, 0),
('134', 3475, 0),
('134', 3476, 0),
('134', 3477, 0),
('134', 3478, 0),
('134', 3479, 0),
('134', 3480, 0),
('134', 3481, 0),
('134', 3482, 0),
('134', 3483, 0),
('134', 3484, 0),
('134', 3485, 0),
('134', 3486, 0),
('134', 3487, 0),
('134', 3488, 0),
('134', 3489, 0),
('134', 3490, 0),
('134', 3491, 0),
('134', 3492, 0),
('134', 3493, 0),
('134', 3494, 0),
('134', 3495, 0),
('134', 3496, 0),
('134', 3497, 0),
('134', 3498, 0),
('134', 3499, 0),
('134', 3500, 0),
('134', 3501, 0),
('134', 3502, 0),
('134', 3503, 0),
('134', 3504, 0),
('134', 3505, 0),
('134', 3506, 0),
('134', 3507, 0),
('134', 3508, 0),
('134', 3509, 0),
('134', 3510, 0),
('134', 3511, 0),
('134', 3512, 0),
('134', 3513, 0),
('134', 3514, 0),
('134', 3515, 0),
('134', 3516, 0),
('134', 3517, 0),
('134', 3518, 0),
('134', 3519, 0),
('134', 3520, 0),
('134', 3521, 0),
('134', 3522, 0),
('134', 3523, 0),
('134', 3524, 0),
('134', 3525, 0),
('134', 3526, 0),
('134', 3527, 0),
('134', 3528, 0),
('134', 3529, 0),
('134', 3530, 0),
('134', 3531, 0),
('134', 3532, 0),
('134', 3533, 0),
('134', 3534, 0),
('134', 3535, 0),
('134', 3536, 0),
('134', 3537, 0),
('134', 3538, 0),
('134', 3539, 0),
('134', 3540, 0),
('134', 3541, 0),
('134', 3542, 0),
('134', 3543, 0),
('134', 3544, 0),
('134', 3545, 0),
('134', 3546, 0),
('134', 3547, 0),
('134', 3548, 0),
('134', 3549, 0),
('134', 3550, 0),
('134', 3551, 0),
('134', 3552, 0),
('134', 3553, 0),
('134', 3554, 0),
('134', 3555, 0),
('134', 3556, 0),
('134', 3557, 0),
('134', 3558, 0),
('134', 3559, 0),
('134', 3560, 0),
('134', 3561, 0),
('134', 3562, 0),
('134', 3563, 0),
('134', 3564, 0),
('134', 3565, 0),
('134', 3566, 0),
('134', 3567, 0),
('134', 3568, 0),
('134', 3569, 0),
('134', 3570, 0),
('134', 3571, 0),
('134', 3572, 0),
('134', 3573, 0),
('134', 3574, 0),
('134', 3575, 0),
('134', 3576, 0),
('134', 3577, 0),
('134', 3578, 0),
('134', 3579, 0),
('134', 3580, 0),
('134', 3581, 0),
('134', 3582, 0),
('134', 3583, 0),
('134', 3584, 0),
('134', 3585, 0),
('134', 3586, 0),
('134', 3587, 0),
('134', 3588, 0),
('134', 3589, 0),
('134', 3590, 0),
('134', 3591, 0),
('134', 3592, 0),
('134', 3593, 0),
('134', 3594, 0),
('134', 3595, 0),
('134', 3596, 0),
('134', 3597, 0),
('134', 3598, 0),
('134', 3599, 0),
('134', 3600, 0),
('134', 3601, 0),
('134', 3602, 0),
('134', 3603, 0),
('134', 3604, 0),
('134', 3605, 0),
('134', 3606, 0),
('134', 3607, 0),
('134', 3608, 0),
('134', 3609, 0),
('134', 3610, 0),
('134', 3611, 0),
('134', 3612, 0),
('134', 3613, 0),
('134', 3614, 0),
('134', 3615, 0),
('134', 3616, 0),
('134', 3617, 0),
('134', 3618, 0),
('134', 3619, 0),
('134', 3620, 0),
('134', 3621, 0),
('134', 3622, 0),
('134', 3623, 0),
('134', 3624, 0),
('134', 3625, 0),
('134', 3626, 0),
('134', 3627, 0),
('134', 3628, 0),
('134', 3629, 0),
('134', 3630, 0),
('134', 3631, 0),
('134', 3632, 0),
('134', 3633, 0),
('134', 3634, 0),
('134', 3635, 0),
('134', 3636, 0),
('134', 3637, 0),
('134', 3638, 0),
('134', 3639, 0),
('134', 3640, 0),
('134', 3641, 0),
('134', 3642, 0),
('134', 3643, 0),
('134', 3644, 0),
('134', 3645, 0),
('134', 3646, 0),
('134', 3647, 0),
('134', 3648, 0),
('134', 3649, 0),
('134', 3650, 0),
('134', 3651, 0),
('134', 3652, 0),
('134', 3653, 0),
('134', 3654, 0),
('134', 3655, 0),
('134', 3656, 0),
('134', 3657, 0),
('134', 3658, 0),
('134', 3659, 0),
('134', 3660, 0),
('134', 3661, 0),
('134', 3662, 0),
('134', 3663, 0),
('134', 3664, 0),
('134', 3665, 0),
('134', 3666, 0),
('134', 3667, 0),
('134', 3668, 0),
('134', 3669, 0),
('134', 3670, 0),
('134', 3671, 0),
('134', 3672, 0),
('134', 3673, 0),
('134', 3674, 0),
('134', 3675, 0),
('134', 3676, 0),
('134', 3677, 0),
('134', 3678, 0),
('134', 3679, 0),
('134', 3680, 0),
('134', 3681, 0),
('134', 3682, 0),
('134', 3683, 0),
('134', 3684, 0),
('134', 3685, 0),
('134', 3686, 0),
('134', 3687, 0),
('134', 3688, 0),
('134', 3689, 0),
('134', 3690, 0),
('134', 3691, 0),
('134', 3692, 0),
('134', 3693, 0),
('134', 3694, 0),
('134', 3695, 0),
('134', 3696, 0),
('134', 3697, 0),
('134', 3698, 0),
('134', 3699, 0),
('134', 3700, 0),
('134', 3701, 0),
('134', 3702, 0),
('134', 3703, 0),
('134', 3704, 0),
('134', 3705, 0),
('134', 3706, 0),
('134', 3707, 0),
('134', 3708, 0),
('134', 3709, 0),
('134', 3710, 0),
('134', 3711, 0),
('134', 3712, 0),
('134', 3713, 0),
('134', 3714, 0),
('134', 3715, 0),
('134', 3716, 0),
('134', 3717, 0),
('134', 3718, 0),
('134', 3719, 0),
('134', 3720, 0),
('134', 3721, 0),
('134', 3722, 0),
('134', 3723, 0),
('134', 3724, 0),
('134', 3725, 0),
('134', 3726, 0),
('134', 3727, 0),
('134', 3728, 0),
('134', 3729, 0),
('134', 3730, 0),
('134', 3731, 0),
('134', 3732, 0),
('134', 3733, 0),
('134', 3734, 0),
('134', 3735, 0),
('134', 3736, 0),
('134', 3737, 0),
('134', 3738, 0),
('134', 3739, 0),
('134', 3740, 0),
('134', 3741, 0),
('134', 3742, 0),
('134', 3743, 0),
('134', 3744, 0),
('134', 3745, 0),
('134', 3746, 0),
('134', 3747, 0),
('134', 3748, 0),
('134', 3749, 0),
('134', 3750, 0),
('134', 3751, 0),
('134', 3752, 0),
('134', 3753, 0),
('134', 3754, 0),
('134', 3755, 0),
('134', 3756, 0),
('134', 3757, 0),
('134', 3758, 0),
('134', 3759, 0),
('134', 3760, 0),
('134', 3761, 0),
('134', 3762, 0),
('134', 3763, 0),
('134', 3764, 0),
('134', 3765, 0),
('134', 3766, 0),
('134', 3767, 0),
('134', 3768, 0),
('134', 3769, 0),
('134', 3770, 0),
('134', 3771, 0),
('134', 3772, 0),
('134', 3773, 0),
('134', 3774, 0),
('134', 3775, 0),
('134', 3776, 0),
('134', 3777, 0),
('134', 3778, 0),
('134', 3779, 0),
('134', 3780, 0),
('134', 3781, 0),
('134', 3782, 0),
('134', 3783, 0),
('134', 3784, 0),
('134', 3785, 0),
('134', 3786, 0),
('134', 3787, 0),
('134', 3788, 0),
('134', 3789, 0),
('134', 3790, 0),
('134', 3791, 0),
('134', 3792, 0),
('134', 3793, 0),
('134', 3794, 0),
('134', 3795, 0),
('134', 3796, 0),
('134', 3797, 0),
('134', 3798, 0),
('134', 3799, 0),
('134', 3800, 0),
('134', 3801, 0),
('134', 3802, 0),
('134', 3803, 0),
('134', 3804, 0),
('134', 3805, 0),
('134', 3806, 0),
('134', 3807, 0),
('134', 3808, 0),
('134', 3809, 0),
('134', 3810, 0),
('134', 3811, 0),
('134', 3812, 0),
('134', 3813, 0),
('134', 3814, 0),
('134', 3815, 0),
('134', 3816, 0),
('134', 3817, 0),
('134', 3818, 0),
('134', 3819, 0),
('134', 3820, 0),
('134', 3821, 0),
('134', 3822, 0),
('134', 3823, 0),
('134', 3824, 0),
('134', 3825, 0),
('134', 3826, 0),
('134', 3827, 0),
('134', 3828, 0),
('134', 3829, 0),
('134', 3830, 0),
('134', 3831, 0),
('134', 3832, 0),
('134', 3833, 0),
('134', 3834, 0),
('134', 3835, 0),
('134', 3836, 0),
('134', 3837, 0),
('134', 3838, 0),
('134', 3839, 0),
('134', 3840, 0),
('134', 3841, 0),
('134', 3842, 0),
('134', 3843, 0),
('134', 3844, 0),
('134', 3845, 0),
('134', 3846, 0),
('134', 3847, 0),
('134', 3848, 0),
('134', 3849, 0),
('134', 3850, 0),
('134', 3851, 0),
('134', 3852, 0),
('134', 3853, 0),
('134', 3854, 0),
('134', 3855, 0),
('134', 3856, 0),
('134', 3857, 0),
('134', 3858, 0),
('134', 3859, 0),
('134', 3860, 0),
('134', 3861, 0),
('134', 3862, 0),
('134', 3863, 0),
('134', 3864, 0),
('134', 3865, 0),
('134', 3866, 0),
('134', 3867, 0),
('134', 3868, 0),
('134', 3869, 0),
('134', 3870, 0),
('134', 3871, 0),
('134', 3872, 0),
('134', 3873, 0),
('134', 3874, 0),
('134', 3875, 0),
('134', 3876, 0),
('134', 3877, 0),
('134', 3878, 0),
('134', 3879, 0),
('134', 3880, 0),
('134', 3881, 0),
('134', 3882, 0),
('134', 3883, 0),
('134', 3884, 0),
('134', 3885, 0),
('134', 3886, 0),
('134', 3887, 0),
('134', 3888, 0),
('134', 3889, 0),
('134', 3890, 0),
('134', 3891, 0),
('134', 3892, 0),
('134', 3893, 0),
('134', 3894, 0),
('134', 3895, 0),
('134', 3896, 0),
('134', 3897, 0),
('134', 3898, 0),
('134', 3899, 0),
('134', 3900, 0),
('134', 3901, 0),
('134', 3902, 0),
('134', 3903, 0),
('134', 3904, 0),
('134', 3905, 0),
('134', 3906, 0),
('134', 3907, 0),
('134', 3908, 0),
('134', 3909, 0),
('134', 3910, 0),
('134', 3911, 0),
('134', 3912, 0),
('134', 3913, 0),
('134', 3914, 0),
('134', 3915, 0),
('134', 3916, 0),
('134', 3917, 0),
('134', 3918, 0),
('134', 3919, 0),
('134', 3920, 0),
('134', 3921, 0),
('134', 3922, 0),
('134', 3923, 0),
('134', 3924, 0),
('134', 3925, 0),
('134', 3926, 0),
('134', 3927, 0),
('134', 3928, 0),
('134', 3929, 0),
('134', 3930, 0),
('134', 3931, 0),
('134', 3932, 0),
('134', 3933, 0),
('134', 3934, 0),
('134', 3935, 0),
('134', 3936, 0),
('134', 3937, 0),
('134', 3938, 0),
('134', 3939, 0),
('134', 3940, 0),
('134', 3941, 0),
('134', 3942, 0),
('134', 3943, 0),
('134', 3944, 0),
('134', 3945, 0),
('134', 3946, 0),
('134', 3947, 0),
('134', 3948, 0),
('134', 3949, 0),
('134', 3950, 0),
('134', 3951, 0),
('134', 3952, 0),
('134', 3953, 0),
('134', 3954, 0),
('134', 3955, 0),
('134', 3956, 0),
('134', 3957, 0),
('134', 3958, 0),
('134', 3959, 0),
('134', 3960, 0),
('134', 3961, 0),
('134', 3962, 0),
('134', 3963, 0),
('134', 3964, 0),
('134', 3965, 0),
('134', 3966, 0),
('134', 3967, 0),
('134', 3968, 0),
('134', 3969, 0),
('134', 3970, 0),
('134', 3971, 0),
('134', 3972, 0),
('134', 3973, 0),
('134', 3974, 0),
('134', 3975, 0),
('134', 3976, 0),
('134', 3977, 0),
('134', 3978, 0),
('134', 3979, 0),
('134', 3980, 0),
('134', 3981, 0),
('134', 3982, 0),
('134', 3983, 0),
('134', 3984, 0),
('134', 3985, 0),
('134', 3986, 0),
('134', 3987, 0),
('134', 3988, 0),
('134', 3989, 0),
('134', 3990, 0),
('134', 3991, 0),
('134', 3992, 0),
('134', 3993, 0),
('134', 3994, 0),
('134', 3995, 0),
('134', 3996, 0),
('134', 3997, 0),
('134', 3998, 0),
('134', 3999, 0),
('134', 4000, 0),
('134', 4001, 0),
('134', 4002, 0),
('134', 4003, 0),
('134', 4004, 0),
('134', 4005, 0),
('134', 4006, 0),
('134', 4007, 0),
('134', 4008, 0),
('134', 4009, 0),
('134', 4010, 0),
('134', 4011, 0),
('134', 4012, 0),
('134', 4013, 0),
('134', 4014, 0),
('134', 4015, 0),
('134', 4016, 0),
('134', 4017, 0),
('134', 4018, 0),
('134', 4019, 0),
('134', 4020, 0),
('134', 4021, 0),
('134', 4022, 0),
('134', 4023, 0),
('134', 4024, 0),
('134', 4025, 0),
('134', 4026, 0),
('134', 4027, 0),
('134', 4028, 0),
('134', 4029, 0),
('134', 4030, 0),
('134', 4031, 0),
('134', 4032, 0),
('134', 4033, 0),
('134', 4034, 0),
('134', 4035, 0),
('134', 4036, 0),
('134', 4037, 0),
('134', 4038, 0),
('134', 4039, 0),
('134', 4040, 0),
('134', 4041, 0),
('134', 4042, 0),
('134', 4043, 0),
('134', 4044, 0),
('134', 4045, 0),
('134', 4046, 0),
('134', 4047, 0),
('134', 4048, 0),
('134', 4049, 0),
('134', 4050, 0),
('134', 4051, 0),
('134', 4052, 0),
('134', 4053, 0),
('134', 4054, 0),
('134', 4055, 0),
('134', 4056, 0),
('134', 4057, 0),
('134', 4058, 0),
('134', 4059, 0),
('134', 4060, 0),
('134', 4061, 0),
('134', 4062, 0),
('134', 4063, 0),
('134', 4064, 0),
('134', 4065, 0),
('134', 4066, 0),
('134', 4067, 0),
('134', 4068, 0),
('134', 4069, 0),
('134', 4070, 0),
('134', 4071, 0),
('134', 4072, 0),
('134', 4073, 0),
('134', 4074, 0),
('134', 4075, 0),
('134', 4076, 0),
('134', 4077, 0),
('134', 4078, 0),
('134', 4079, 0),
('134', 4080, 0),
('134', 4081, 0),
('134', 4082, 0),
('134', 4083, 0),
('134', 4084, 0),
('134', 4085, 0),
('134', 4086, 0),
('134', 4087, 0),
('134', 4088, 0),
('134', 4089, 0),
('134', 4090, 0),
('134', 4091, 0),
('134', 4092, 0),
('134', 4093, 0),
('134', 4094, 0),
('134', 4095, 0),
('134', 4096, 0),
('134', 4097, 0),
('134', 4098, 0),
('134', 4099, 0),
('134', 4100, 0),
('134', 4101, 0),
('134', 4102, 0),
('134', 4103, 0),
('134', 4104, 0),
('134', 4105, 0),
('134', 4106, 0),
('134', 4107, 0),
('134', 4108, 0),
('134', 4109, 0),
('134', 4110, 0),
('134', 4111, 0),
('134', 4112, 0),
('134', 4113, 0),
('134', 4114, 0),
('134', 4115, 0),
('134', 4116, 0),
('134', 4117, 0),
('134', 4118, 0),
('134', 4119, 0),
('134', 4120, 0),
('134', 4121, 0),
('134', 4122, 0),
('134', 4123, 0),
('134', 4124, 0),
('134', 4125, 0),
('134', 4126, 0),
('134', 4127, 0),
('134', 4128, 0),
('134', 4129, 0),
('134', 4130, 0),
('134', 4131, 0),
('134', 4132, 0),
('134', 4133, 0),
('134', 4134, 0),
('134', 4135, 0),
('134', 4136, 0),
('134', 4137, 0),
('134', 4138, 0),
('134', 4139, 0),
('134', 4140, 0),
('134', 4141, 0),
('134', 4142, 0),
('134', 4143, 0),
('134', 4144, 0),
('134', 4145, 0),
('134', 4146, 0),
('134', 4147, 0),
('134', 4148, 0),
('134', 4149, 0),
('134', 4150, 0),
('134', 4151, 0),
('134', 4152, 0),
('134', 4153, 0),
('134', 4154, 0),
('134', 4155, 0),
('134', 4156, 0),
('134', 4157, 0),
('134', 4158, 0),
('134', 4159, 0),
('134', 4160, 0),
('134', 4161, 0),
('134', 4162, 0),
('134', 4163, 0),
('134', 4164, 0),
('134', 4165, 0),
('134', 4166, 0),
('134', 4167, 0),
('134', 4168, 0),
('134', 4169, 0),
('134', 4170, 0),
('134', 4171, 0),
('134', 4172, 0),
('134', 4173, 0),
('134', 4174, 0),
('134', 4175, 0),
('134', 4176, 0),
('134', 4177, 0),
('134', 4178, 0),
('134', 4179, 0),
('134', 4180, 0),
('134', 4181, 0),
('134', 4182, 0),
('134', 4183, 0),
('134', 4184, 0),
('134', 4185, 0),
('134', 4186, 0),
('134', 4187, 0),
('134', 4188, 0),
('134', 4189, 0),
('134', 4190, 0),
('134', 4191, 0),
('134', 4192, 0),
('134', 4193, 0),
('134', 4194, 0),
('134', 4195, 0),
('134', 4196, 0),
('134', 4197, 0),
('134', 4198, 0),
('134', 4199, 0),
('134', 4200, 0),
('134', 4201, 0),
('134', 4202, 0),
('134', 4203, 0),
('134', 4204, 0),
('134', 4205, 0),
('134', 4206, 0),
('134', 4207, 0),
('134', 4208, 0),
('134', 4209, 0),
('134', 4210, 0),
('134', 4211, 0),
('134', 4212, 0),
('134', 4213, 0),
('134', 4214, 0),
('134', 4215, 0),
('134', 4216, 0),
('134', 4217, 0),
('134', 4218, 0),
('134', 4219, 0),
('134', 4220, 0),
('134', 4221, 0),
('134', 4222, 0),
('134', 4223, 0),
('134', 4224, 0),
('134', 4225, 0),
('134', 4226, 0),
('134', 4227, 0),
('134', 4228, 0),
('134', 4229, 0),
('134', 4230, 0),
('134', 4231, 0),
('134', 4232, 0),
('134', 4233, 0),
('134', 4234, 0),
('134', 4235, 0),
('134', 4236, 0),
('134', 4237, 0),
('134', 4238, 0),
('134', 4239, 0),
('134', 4240, 0),
('134', 4241, 0),
('134', 4242, 0),
('134', 4243, 0),
('134', 4244, 0),
('134', 4245, 0),
('134', 4246, 0),
('134', 4247, 0),
('134', 4248, 0),
('134', 4249, 0),
('134', 4250, 0),
('134', 4251, 0),
('134', 4252, 0),
('134', 4253, 0),
('134', 4254, 0),
('134', 4255, 0),
('134', 4256, 0),
('134', 4257, 0),
('134', 4258, 0),
('134', 4259, 0),
('134', 4260, 0),
('134', 4261, 0),
('134', 4262, 0),
('134', 4263, 0),
('134', 4264, 0),
('134', 4265, 0),
('134', 4266, 0),
('134', 4267, 0),
('134', 4268, 0),
('134', 4269, 0),
('134', 4270, 0),
('134', 4271, 0),
('134', 4272, 0),
('134', 4273, 0),
('134', 4274, 0),
('134', 4275, 0),
('134', 4276, 0),
('134', 4277, 0),
('134', 4278, 0),
('134', 4279, 0),
('134', 4280, 0),
('134', 4281, 0),
('134', 4282, 0),
('134', 4283, 0),
('134', 4284, 0),
('134', 4285, 0),
('134', 4286, 0),
('134', 4287, 0),
('134', 4288, 0),
('134', 4289, 0),
('134', 4290, 0),
('134', 4291, 0),
('134', 4292, 0),
('134', 4293, 0),
('134', 4294, 0),
('134', 4295, 0),
('134', 4296, 0),
('134', 4297, 0),
('134', 4298, 0),
('134', 4299, 0),
('134', 4300, 0),
('134', 4301, 0),
('134', 4302, 0),
('134', 4303, 0),
('134', 4304, 0),
('134', 4305, 0),
('134', 4306, 0),
('134', 4307, 0),
('134', 4308, 0),
('134', 4309, 0),
('134', 4310, 0),
('134', 4311, 0),
('134', 4312, 0),
('134', 4313, 0),
('134', 4314, 0),
('134', 4315, 0),
('134', 4316, 0),
('134', 4317, 0),
('134', 4318, 0),
('134', 4319, 0),
('134', 4320, 0),
('134', 4321, 0),
('134', 4322, 0),
('134', 4323, 0),
('134', 4324, 0),
('134', 4325, 0),
('134', 4326, 0),
('134', 4327, 0),
('134', 4328, 0),
('134', 4329, 0),
('134', 4330, 0),
('134', 4331, 0),
('134', 4332, 0),
('134', 4333, 0),
('134', 4334, 0),
('134', 4335, 0),
('134', 4336, 0),
('134', 4337, 0),
('134', 4338, 0),
('134', 4339, 0),
('134', 4340, 0),
('134', 4341, 0),
('134', 4342, 0),
('134', 4343, 0),
('134', 4344, 0),
('134', 4345, 0),
('134', 4346, 0),
('134', 4347, 0),
('134', 4348, 0),
('134', 4349, 0),
('134', 4350, 0),
('134', 4351, 0),
('134', 4352, 0),
('134', 4353, 0),
('134', 4354, 0),
('134', 4355, 0),
('134', 4356, 0),
('134', 4357, 0),
('134', 4358, 0),
('134', 4359, 0),
('134', 4360, 0),
('134', 4361, 0),
('134', 4362, 0),
('134', 4363, 0),
('134', 4364, 0),
('134', 4365, 0),
('134', 4366, 0),
('134', 4367, 0),
('134', 4368, 0),
('134', 4369, 0),
('134', 4370, 0),
('134', 4371, 0),
('134', 4372, 0),
('134', 4373, 0),
('134', 4374, 0),
('134', 4375, 0),
('134', 4376, 0),
('134', 4377, 0),
('134', 4378, 0),
('134', 4379, 0),
('134', 4380, 0),
('134', 4381, 0),
('134', 4382, 0),
('134', 4383, 0),
('134', 4384, 0),
('134', 4385, 0),
('134', 4386, 0),
('134', 4387, 0),
('134', 4388, 0),
('134', 4389, 0),
('134', 4390, 0),
('134', 4391, 0),
('134', 4392, 0),
('134', 4393, 0),
('134', 4394, 0),
('134', 4395, 0),
('134', 4396, 0),
('134', 4397, 0),
('134', 4398, 0),
('134', 4399, 0),
('134', 4400, 0),
('134', 4401, 0),
('134', 4402, 0),
('134', 4403, 0),
('134', 4404, 0),
('134', 4405, 0),
('134', 4406, 0),
('134', 4407, 0),
('134', 4408, 0),
('134', 4409, 0),
('134', 4410, 0),
('134', 4411, 0),
('134', 4412, 0),
('134', 4413, 0),
('134', 4414, 0),
('134', 4415, 0),
('134', 4416, 0),
('134', 4417, 0),
('134', 4418, 0),
('134', 4419, 0),
('134', 4420, 0),
('134', 4421, 0),
('134', 4422, 0),
('134', 4423, 0),
('134', 4424, 0),
('134', 4425, 0),
('134', 4426, 0),
('134', 4427, 0),
('134', 4428, 0),
('134', 4429, 0),
('134', 4430, 0),
('134', 4431, 0),
('134', 4432, 0),
('134', 4433, 0),
('134', 4434, 0),
('134', 4435, 0),
('134', 4436, 0),
('134', 4437, 0),
('134', 4438, 0),
('134', 4439, 0),
('134', 4440, 0),
('134', 4441, 0),
('134', 4442, 0),
('134', 4443, 0),
('134', 4444, 0),
('134', 4445, 0),
('134', 4446, 0),
('134', 4447, 0),
('134', 4448, 0),
('134', 4449, 0),
('134', 4450, 0),
('134', 4451, 0),
('134', 4452, 0),
('134', 4453, 0),
('134', 4454, 0),
('134', 4455, 0),
('134', 4456, 0),
('134', 4457, 0),
('134', 4458, 0),
('134', 4459, 0),
('134', 4460, 0),
('134', 4461, 0),
('134', 4462, 0),
('134', 4463, 0),
('134', 4464, 0),
('134', 4465, 0),
('134', 4466, 0),
('134', 4467, 0),
('134', 4468, 0),
('134', 4469, 0),
('134', 4470, 0),
('134', 4471, 0),
('134', 4472, 0),
('134', 4473, 0),
('134', 4474, 0),
('134', 4475, 0),
('134', 4476, 0),
('134', 4477, 0),
('134', 4478, 0),
('134', 4479, 0),
('134', 4480, 0),
('134', 4481, 0),
('134', 4482, 0),
('134', 4483, 0),
('134', 4484, 0),
('134', 4485, 0),
('134', 4486, 0),
('134', 4487, 0),
('134', 4488, 0),
('134', 4489, 0),
('134', 4490, 0),
('134', 4491, 0),
('134', 4492, 0),
('134', 4493, 0),
('134', 4494, 0),
('134', 4495, 0),
('134', 4496, 0),
('134', 4497, 0),
('134', 4498, 0),
('134', 4499, 0),
('134', 4500, 0),
('134', 4501, 0),
('134', 4502, 0),
('134', 4503, 0),
('134', 4504, 0),
('134', 4505, 0),
('134', 4506, 0),
('134', 4507, 0),
('134', 4508, 0),
('134', 4509, 0),
('134', 4510, 0),
('134', 4511, 0),
('134', 4512, 0),
('134', 4513, 0),
('134', 4514, 0),
('134', 4515, 0),
('134', 4516, 0),
('134', 4517, 0),
('134', 4518, 0),
('134', 4519, 0),
('134', 4520, 0),
('134', 4521, 0),
('134', 4522, 0),
('134', 4523, 0),
('134', 4524, 0),
('134', 4525, 0),
('134', 4526, 0),
('134', 4527, 0),
('134', 4528, 0),
('134', 4529, 0),
('134', 4530, 0),
('134', 4531, 0),
('134', 4532, 0),
('134', 4533, 0),
('134', 4534, 0),
('134', 4535, 0),
('134', 4536, 0),
('134', 4537, 0),
('134', 4538, 0),
('134', 4539, 0),
('134', 4540, 0),
('134', 4541, 0),
('134', 4542, 0),
('134', 4543, 0),
('134', 4544, 0),
('134', 4545, 0),
('134', 4546, 0),
('134', 4547, 0),
('134', 4548, 0),
('134', 4549, 0),
('134', 4550, 0),
('134', 4551, 0),
('134', 4552, 0),
('134', 4553, 0),
('134', 4554, 0),
('134', 4555, 0),
('134', 4556, 0),
('134', 4557, 0),
('134', 4558, 0),
('134', 4559, 0),
('134', 4560, 0),
('134', 4561, 0),
('134', 4562, 0),
('134', 4563, 0),
('134', 4564, 0),
('134', 4565, 0),
('134', 4566, 0),
('134', 4567, 0),
('134', 4568, 0),
('134', 4569, 0),
('134', 4570, 0),
('134', 4571, 0),
('134', 4572, 0),
('134', 4573, 0),
('134', 4574, 0),
('134', 4575, 0),
('134', 4576, 0),
('134', 4577, 0),
('134', 4578, 0),
('134', 4579, 0),
('134', 4580, 0),
('134', 4581, 0),
('134', 4582, 0),
('134', 4583, 0),
('134', 4584, 0),
('134', 4585, 0),
('134', 4586, 0),
('134', 4587, 0),
('134', 4588, 0),
('134', 4589, 0),
('134', 4590, 0),
('134', 4591, 0),
('134', 4592, 0),
('134', 4593, 0),
('134', 4594, 0),
('134', 4595, 0),
('134', 4596, 0),
('134', 4597, 0),
('134', 4598, 0),
('134', 4599, 0),
('134', 4600, 0),
('134', 4601, 0),
('134', 4602, 0),
('134', 4603, 0),
('134', 4604, 0),
('134', 4605, 0),
('134', 4606, 0),
('134', 4607, 0),
('134', 4608, 0),
('134', 4609, 0),
('134', 4610, 0),
('134', 4611, 0),
('134', 4612, 0),
('134', 4613, 0),
('134', 4614, 0),
('134', 4615, 0),
('134', 4616, 0),
('134', 4617, 0),
('134', 4618, 0),
('134', 4619, 0),
('134', 4620, 0),
('134', 4621, 0),
('134', 4622, 0),
('134', 4623, 0),
('134', 4624, 0),
('134', 4625, 0),
('134', 4626, 0),
('134', 4627, 0),
('134', 4628, 0),
('134', 4629, 0),
('134', 4630, 0),
('134', 4631, 0),
('134', 4632, 0),
('134', 4633, 0),
('134', 4634, 0),
('134', 4635, 0),
('134', 4636, 0),
('134', 4637, 0),
('134', 4638, 0),
('134', 4639, 0),
('134', 4640, 0),
('134', 4641, 0),
('134', 4642, 0),
('134', 4643, 0),
('134', 4644, 0),
('134', 4645, 0),
('134', 4646, 0),
('134', 4647, 0),
('134', 4648, 0),
('134', 4649, 0),
('134', 4650, 0),
('134', 4651, 0),
('134', 4652, 0),
('134', 4653, 0),
('134', 4654, 0),
('134', 4655, 0),
('134', 4656, 0),
('134', 4657, 0),
('134', 4658, 0),
('134', 4659, 0),
('134', 4660, 0),
('134', 4661, 0),
('134', 4662, 0),
('134', 4663, 0),
('134', 4664, 0),
('134', 4665, 0),
('134', 4666, 0),
('134', 4667, 0),
('134', 4668, 0),
('134', 4669, 0),
('134', 4670, 0),
('134', 4671, 0),
('134', 4672, 0),
('134', 4673, 0),
('134', 4674, 0),
('134', 4675, 0),
('134', 4676, 0),
('134', 4677, 0),
('134', 4678, 0),
('134', 4679, 0),
('134', 4680, 0),
('134', 4681, 0),
('134', 4682, 0),
('134', 4683, 0),
('134', 4684, 0),
('134', 4685, 0),
('134', 4686, 0),
('134', 4687, 0),
('134', 4688, 0),
('134', 4689, 0),
('134', 4690, 0),
('134', 4691, 0),
('134', 4692, 0),
('134', 4693, 0),
('134', 4694, 0),
('134', 4695, 0),
('134', 4696, 0),
('134', 4697, 0),
('134', 4698, 0),
('134', 4699, 0),
('134', 4700, 0),
('134', 4701, 0),
('134', 4702, 0),
('134', 4703, 0),
('134', 4704, 0),
('134', 4705, 0),
('134', 4706, 0),
('134', 4707, 0),
('134', 4708, 0),
('134', 4709, 0),
('134', 4710, 0),
('134', 4711, 0),
('134', 4712, 0),
('134', 4713, 0),
('134', 4714, 0),
('134', 4715, 0),
('134', 4716, 0),
('134', 4717, 0),
('134', 4718, 0),
('134', 4719, 0),
('134', 4720, 0),
('134', 4721, 0),
('134', 4722, 0),
('134', 4723, 0),
('134', 4724, 0),
('134', 4725, 0),
('134', 4726, 0),
('134', 4727, 0),
('134', 4728, 0),
('134', 4729, 0),
('134', 4730, 0),
('134', 4731, 0),
('134', 4732, 0),
('134', 4733, 0),
('134', 4734, 0),
('134', 4735, 0),
('134', 4736, 0),
('134', 4737, 0),
('134', 4738, 0),
('134', 4739, 0),
('134', 4740, 0),
('134', 4741, 0),
('134', 4742, 0),
('134', 4743, 0),
('134', 4744, 0),
('134', 4745, 0),
('134', 4746, 0),
('134', 4747, 0),
('134', 4748, 0),
('134', 4749, 0),
('134', 4750, 0),
('134', 4751, 0),
('134', 4752, 0),
('134', 4753, 0),
('134', 4754, 0),
('134', 4755, 0),
('134', 4756, 0),
('134', 4757, 0),
('134', 4758, 0),
('134', 4759, 0),
('134', 4760, 0),
('134', 4761, 0),
('134', 4762, 0),
('134', 4763, 0),
('134', 4764, 0),
('134', 4765, 0),
('134', 4766, 0),
('134', 4767, 0),
('134', 4768, 0),
('134', 4769, 0),
('134', 4770, 0),
('134', 4771, 0),
('134', 4772, 0),
('134', 4773, 0),
('134', 4774, 0),
('134', 4775, 0),
('134', 4776, 0),
('134', 4777, 0),
('134', 4778, 0),
('134', 4779, 0),
('134', 4780, 0),
('134', 4781, 0),
('134', 4782, 0),
('134', 4783, 0),
('134', 4784, 0),
('134', 4785, 0),
('134', 4786, 0),
('134', 4787, 0),
('134', 4788, 0),
('134', 4789, 0),
('134', 4790, 0),
('134', 4791, 0),
('134', 4792, 0),
('134', 4793, 0),
('134', 4794, 0),
('134', 4795, 0),
('134', 4796, 0),
('134', 4797, 0),
('134', 4798, 0),
('134', 4799, 0),
('134', 4800, 0),
('134', 4801, 0),
('134', 4802, 0),
('134', 4803, 0),
('134', 4804, 0),
('134', 4805, 0),
('134', 4806, 0),
('134', 4807, 0),
('134', 4808, 0),
('134', 4809, 0),
('134', 4810, 0),
('134', 4811, 0),
('134', 4812, 0),
('134', 4813, 0),
('134', 4814, 0),
('134', 4815, 0),
('134', 4816, 0),
('134', 4817, 0),
('134', 4818, 0),
('134', 4819, 0),
('134', 4820, 0),
('134', 4821, 0),
('134', 4822, 0),
('134', 4823, 0),
('134', 4824, 0),
('134', 4825, 0),
('134', 4826, 0),
('134', 4827, 0),
('134', 4828, 0),
('134', 4829, 0),
('134', 4830, 0),
('134', 4831, 0),
('134', 4832, 0),
('134', 4833, 0),
('134', 4834, 0),
('134', 4835, 0),
('134', 4836, 0),
('134', 4837, 0),
('134', 4838, 0),
('134', 4839, 0),
('134', 4840, 0),
('134', 4841, 0),
('134', 4842, 0),
('134', 4843, 0),
('134', 4844, 0),
('134', 4845, 0),
('134', 4846, 0),
('134', 4847, 0),
('134', 4848, 0),
('134', 4849, 0),
('134', 4850, 0),
('134', 4851, 0),
('134', 4852, 0),
('134', 4853, 0),
('134', 4854, 0),
('134', 4855, 0),
('134', 4856, 0),
('134', 4857, 0),
('134', 4858, 0),
('134', 4859, 0),
('134', 4860, 0),
('134', 4861, 0),
('134', 4862, 0),
('134', 4863, 0),
('134', 4864, 0),
('134', 4865, 0),
('134', 4866, 0),
('134', 4867, 0),
('134', 4868, 0),
('134', 4869, 0),
('134', 4870, 0),
('134', 4871, 0),
('134', 4872, 0),
('134', 4873, 0),
('134', 4874, 0),
('134', 4875, 0),
('134', 4876, 0),
('134', 4877, 0),
('134', 4878, 0),
('134', 4879, 0),
('134', 4880, 0),
('134', 4881, 0),
('134', 4882, 0),
('134', 4883, 0),
('134', 4884, 0),
('134', 4885, 0),
('134', 4886, 0),
('134', 4887, 0),
('134', 4888, 0),
('134', 4889, 0),
('134', 4890, 0),
('134', 4891, 0),
('134', 4892, 0),
('134', 4893, 0),
('134', 4894, 0),
('134', 4895, 0),
('134', 4896, 0),
('134', 4897, 0),
('134', 4898, 0),
('134', 4899, 0),
('134', 4900, 0),
('134', 4901, 0),
('134', 4902, 0),
('134', 4903, 0),
('134', 4904, 0),
('134', 4905, 0),
('134', 4906, 0),
('134', 4907, 0),
('134', 4908, 0),
('134', 4909, 0),
('134', 4910, 0),
('134', 4911, 0),
('134', 4912, 0),
('134', 4913, 0),
('134', 4914, 0),
('134', 4915, 0),
('134', 4916, 0),
('134', 4917, 0),
('134', 4918, 0),
('134', 4919, 0),
('134', 4920, 0),
('134', 4921, 0),
('134', 4922, 0),
('134', 4923, 0),
('134', 4924, 0),
('134', 4925, 0),
('134', 4926, 0),
('134', 4927, 0),
('134', 4928, 0),
('134', 4929, 0),
('134', 4930, 0),
('134', 4931, 0),
('134', 4932, 0),
('134', 4933, 0),
('134', 4934, 0),
('134', 4935, 0),
('134', 4936, 0),
('134', 4937, 0),
('134', 4938, 0),
('134', 4939, 0),
('134', 4940, 0),
('134', 4941, 0),
('134', 4942, 0),
('134', 4943, 0),
('134', 4944, 0),
('134', 4945, 0),
('134', 4946, 0),
('134', 4947, 0),
('134', 4948, 0),
('134', 4949, 0),
('134', 4950, 0),
('134', 4951, 0),
('134', 4952, 0),
('134', 4953, 0),
('134', 4954, 0),
('134', 4955, 0),
('134', 4956, 0),
('134', 4957, 0),
('134', 4958, 0),
('134', 4959, 0),
('134', 4960, 0),
('134', 4961, 0),
('134', 4962, 0),
('134', 4963, 0),
('134', 4964, 0),
('134', 4965, 0),
('134', 4966, 0),
('134', 4967, 0),
('134', 4968, 0),
('134', 4969, 0),
('134', 4970, 0),
('134', 4971, 0),
('134', 4972, 0),
('134', 4973, 0),
('134', 4974, 0),
('134', 4975, 0),
('134', 4976, 0),
('134', 4977, 0),
('134', 4978, 0),
('134', 4979, 0),
('134', 4980, 0),
('134', 4981, 0),
('134', 4982, 0),
('134', 4983, 0),
('134', 4984, 0),
('134', 4985, 0),
('134', 4986, 0),
('134', 4987, 0),
('134', 4988, 0),
('134', 4989, 0),
('134', 4990, 0),
('134', 4991, 0),
('134', 4992, 0),
('134', 4993, 0),
('134', 4994, 0),
('134', 4995, 0),
('134', 4996, 0),
('134', 4997, 0),
('134', 4998, 0),
('134', 4999, 0),
('134', 5000, 0),
('134', 5001, 0),
('134', 5002, 0),
('134', 5003, 0),
('134', 5004, 0),
('134', 5005, 0),
('134', 5006, 0),
('134', 5007, 0),
('134', 5008, 0),
('134', 5009, 0),
('134', 5010, 0),
('134', 5011, 0),
('134', 5012, 0),
('134', 5013, 0),
('134', 5014, 0),
('134', 5015, 0),
('134', 5016, 0),
('134', 5017, 0),
('134', 5018, 0),
('134', 5019, 0),
('134', 5020, 0),
('134', 5021, 0),
('134', 5022, 0),
('134', 5023, 0),
('134', 5024, 0),
('134', 5025, 0),
('134', 5026, 0),
('134', 5027, 0),
('134', 5028, 0),
('134', 5029, 0),
('134', 5030, 0),
('134', 5031, 0),
('134', 5032, 0),
('134', 5033, 0),
('134', 5034, 0),
('134', 5035, 0),
('134', 5036, 0),
('134', 5037, 0),
('134', 5038, 0),
('134', 5039, 0),
('134', 5040, 0),
('134', 5041, 0),
('134', 5042, 0),
('134', 5043, 0),
('134', 5044, 0),
('134', 5045, 0),
('134', 5046, 0),
('134', 5047, 0),
('134', 5048, 0),
('134', 5049, 0),
('134', 5050, 0),
('134', 5051, 0),
('134', 5052, 0),
('134', 5053, 0),
('134', 5054, 0),
('134', 5055, 0),
('134', 5056, 0),
('134', 5057, 0),
('134', 5058, 0),
('134', 5059, 0),
('134', 5060, 0),
('134', 5061, 0),
('134', 5062, 0),
('134', 5063, 0),
('134', 5064, 0),
('134', 5065, 0),
('134', 5066, 0),
('134', 5067, 0),
('134', 5068, 0),
('134', 5069, 0),
('134', 5070, 0),
('134', 5071, 0),
('134', 5072, 0),
('134', 5073, 0),
('134', 5074, 0),
('134', 5075, 0),
('134', 5076, 0),
('134', 5077, 0),
('134', 5078, 0),
('134', 5079, 0),
('134', 5080, 0),
('134', 5081, 0),
('134', 5082, 0),
('134', 5083, 0),
('134', 5084, 0),
('134', 5085, 0),
('134', 5086, 0),
('134', 5087, 0),
('134', 5088, 0),
('134', 5089, 0),
('134', 5090, 0),
('134', 5091, 0),
('134', 5092, 0),
('134', 5093, 0),
('134', 5094, 0),
('134', 5095, 0),
('134', 5096, 0),
('134', 5097, 0),
('134', 5098, 0),
('134', 5099, 0),
('134', 5100, 0),
('134', 5101, 0),
('134', 5102, 0),
('134', 5103, 0),
('134', 5104, 0),
('134', 5105, 0),
('134', 5106, 0),
('134', 5107, 0),
('134', 5108, 0),
('134', 5109, 0),
('134', 5110, 0),
('134', 5111, 0),
('134', 5112, 0),
('134', 5113, 0),
('134', 5114, 0),
('134', 5115, 0),
('134', 5116, 0),
('134', 5117, 0),
('134', 5118, 0),
('134', 5119, 0),
('134', 5120, 0),
('134', 5121, 0),
('134', 5122, 0),
('134', 5123, 0),
('134', 5124, 0),
('134', 5125, 0),
('134', 5126, 0),
('134', 5127, 0),
('134', 5128, 0),
('134', 5129, 0),
('134', 5130, 0),
('134', 5131, 0),
('134', 5132, 0),
('134', 5133, 0),
('134', 5134, 0),
('134', 5135, 0),
('134', 5136, 0),
('134', 5137, 0),
('134', 5138, 0),
('134', 5139, 0),
('134', 5140, 0),
('134', 5141, 0),
('134', 5142, 0),
('134', 5143, 0),
('134', 5144, 0),
('134', 5145, 0),
('134', 5146, 0),
('134', 5147, 0),
('134', 5148, 0),
('134', 5149, 0),
('134', 5150, 0),
('134', 5151, 0),
('134', 5152, 0),
('134', 5153, 0),
('134', 5154, 0),
('134', 5155, 0),
('134', 5156, 0),
('134', 5157, 0),
('134', 5158, 0),
('134', 5159, 0),
('134', 5160, 0),
('134', 5161, 0),
('134', 5162, 0),
('134', 5163, 0),
('134', 5164, 0),
('134', 5165, 0),
('134', 5166, 0),
('134', 5167, 0),
('134', 5168, 0),
('134', 5169, 0),
('134', 5170, 0),
('134', 5171, 0),
('134', 5172, 0),
('134', 5173, 0),
('134', 5174, 0),
('134', 5175, 0),
('134', 5176, 0),
('134', 5177, 0),
('134', 5178, 0),
('134', 5179, 0),
('134', 5180, 0),
('134', 5181, 0),
('134', 5182, 0),
('134', 5183, 0),
('134', 5184, 0),
('134', 5185, 0),
('134', 5186, 0),
('134', 5187, 0),
('134', 5188, 0),
('134', 5189, 0),
('134', 5190, 0),
('134', 5191, 0),
('134', 5192, 0),
('134', 5193, 0),
('134', 5194, 0),
('134', 5195, 0),
('134', 5196, 0),
('134', 5197, 0),
('134', 5198, 0),
('134', 5199, 0),
('134', 5200, 0),
('134', 5201, 0),
('134', 5202, 0),
('134', 5203, 0),
('134', 5204, 0),
('134', 5205, 0),
('134', 5206, 0),
('134', 5207, 0),
('134', 5208, 0),
('134', 5209, 0),
('134', 5210, 0),
('134', 5211, 0),
('134', 5212, 0),
('134', 5213, 0),
('134', 5214, 0),
('134', 5215, 0),
('134', 5216, 0),
('134', 5217, 0),
('134', 5218, 0),
('134', 5219, 0),
('134', 5220, 0),
('134', 5221, 0),
('134', 5222, 0),
('134', 5223, 0),
('134', 5224, 0),
('134', 5225, 0),
('134', 5226, 0),
('134', 5227, 0),
('134', 5228, 0),
('134', 5229, 0),
('134', 5230, 0),
('134', 5231, 0),
('134', 5232, 0),
('134', 5233, 0),
('134', 5234, 0),
('134', 5235, 0),
('134', 5236, 0),
('134', 5237, 0),
('134', 5238, 0),
('134', 5239, 0),
('134', 5240, 0),
('134', 5241, 0),
('134', 5242, 0),
('134', 5243, 0),
('134', 5244, 0),
('134', 5245, 0),
('134', 5246, 0),
('134', 5247, 0),
('134', 5248, 0),
('134', 5249, 0),
('134', 5250, 0),
('134', 5251, 0),
('134', 5252, 0),
('134', 5253, 0),
('134', 5254, 0),
('134', 5255, 0),
('134', 5256, 0),
('134', 5257, 0),
('134', 5258, 0),
('134', 5259, 0),
('134', 5260, 0),
('134', 5261, 0),
('134', 5262, 0),
('134', 5263, 0),
('134', 5264, 0),
('134', 5265, 0),
('134', 5266, 0),
('134', 5267, 0),
('134', 5268, 0),
('134', 5269, 0),
('134', 5270, 0),
('134', 5271, 0),
('134', 5272, 0),
('134', 5273, 0),
('134', 5274, 0),
('134', 5275, 0),
('134', 5276, 0),
('134', 5277, 0),
('134', 5278, 0),
('134', 5279, 0),
('134', 5280, 0),
('134', 5281, 0),
('134', 5282, 0),
('134', 5283, 0),
('134', 5284, 0),
('134', 5285, 0),
('134', 5286, 0),
('134', 5287, 0),
('134', 5288, 0),
('134', 5289, 0),
('134', 5290, 0),
('134', 5291, 0),
('134', 5292, 0),
('134', 5293, 0),
('134', 5294, 0),
('134', 5295, 0),
('134', 5296, 0),
('134', 5297, 0),
('134', 5298, 0),
('134', 5299, 0),
('134', 5300, 0),
('134', 5301, 0),
('134', 5302, 0),
('134', 5303, 0),
('134', 5304, 0),
('134', 5305, 0),
('134', 5306, 0),
('134', 5307, 0),
('134', 5308, 0),
('134', 5309, 0),
('134', 5310, 0),
('134', 5311, 0),
('134', 5312, 0),
('134', 5313, 0),
('134', 5314, 0),
('134', 5315, 0),
('134', 5316, 0),
('134', 5317, 0),
('134', 5318, 0),
('134', 5319, 0),
('134', 5320, 0),
('134', 5321, 0),
('134', 5322, 0),
('134', 5323, 0),
('134', 5324, 0),
('134', 5325, 0),
('134', 5326, 0),
('134', 5327, 0),
('134', 5328, 0),
('134', 5329, 0),
('134', 5330, 0),
('134', 5331, 0),
('134', 5332, 0),
('134', 5333, 0),
('134', 5334, 0),
('134', 5335, 0),
('134', 5336, 0),
('134', 5337, 0),
('134', 5338, 0),
('134', 5339, 0),
('134', 5340, 0),
('134', 5341, 0),
('134', 5342, 0),
('134', 5343, 0),
('134', 5344, 0),
('134', 5345, 0),
('134', 5346, 0),
('134', 5347, 0),
('134', 5348, 0),
('134', 5349, 0),
('134', 5350, 0),
('134', 5351, 0),
('134', 5352, 0),
('134', 5353, 0),
('134', 5354, 0),
('134', 5355, 0),
('134', 5356, 0),
('134', 5357, 0),
('134', 5358, 0),
('134', 5359, 0),
('134', 5360, 0),
('134', 5361, 0),
('134', 5362, 0),
('134', 5363, 0),
('134', 5364, 0),
('134', 5365, 0),
('134', 5366, 0),
('134', 5367, 0),
('134', 5368, 0),
('134', 5369, 0),
('134', 5370, 0),
('134', 5371, 0),
('134', 5372, 0),
('134', 5373, 0),
('134', 5374, 0),
('134', 5375, 0),
('134', 5376, 0),
('134', 5377, 0),
('134', 5378, 0),
('134', 5379, 0),
('134', 5380, 0),
('134', 5381, 0),
('134', 5382, 0),
('134', 5383, 0),
('134', 5384, 0),
('134', 5385, 0),
('134', 5386, 0),
('134', 5387, 0),
('134', 5388, 0),
('134', 5389, 0),
('134', 5390, 0),
('134', 5391, 0),
('134', 5392, 0),
('134', 5393, 0),
('134', 5394, 0),
('134', 5395, 0),
('134', 5396, 0),
('134', 5397, 0),
('134', 5398, 0),
('134', 5399, 0),
('134', 5400, 0),
('134', 5401, 0),
('134', 5402, 0),
('134', 5403, 0),
('134', 5404, 0),
('134', 5405, 0),
('134', 5406, 0),
('134', 5407, 0),
('134', 5408, 0),
('134', 5409, 0),
('134', 5410, 0),
('134', 5411, 0),
('134', 5412, 0),
('134', 5413, 0),
('134', 5414, 0),
('134', 5415, 0),
('134', 5416, 0),
('134', 5417, 0),
('134', 5418, 0),
('134', 5419, 0),
('134', 5420, 0),
('134', 5421, 0),
('134', 5422, 0),
('134', 5423, 0),
('134', 5424, 0),
('134', 5425, 0),
('134', 5426, 0),
('134', 5427, 0),
('134', 5428, 0),
('134', 5429, 0),
('134', 5430, 0),
('134', 5431, 0),
('134', 5432, 0),
('134', 5433, 0),
('134', 5434, 0),
('134', 5435, 0),
('134', 5436, 0),
('134', 5437, 0),
('134', 5438, 0),
('134', 5439, 0),
('134', 5440, 0),
('134', 5441, 0),
('134', 5442, 0),
('134', 5443, 0),
('134', 5444, 0),
('134', 5445, 0),
('134', 5446, 0),
('134', 5447, 0),
('134', 5448, 0),
('134', 5449, 0),
('134', 5450, 0),
('134', 5451, 0),
('134', 5452, 0),
('134', 5453, 0),
('134', 5454, 0),
('134', 5455, 0),
('134', 5456, 0),
('134', 5457, 0),
('134', 5458, 0),
('134', 5459, 0),
('134', 5460, 0),
('134', 5461, 0),
('134', 5462, 0),
('134', 5463, 0),
('134', 5464, 0),
('134', 5465, 0),
('134', 5466, 0),
('134', 5467, 0),
('134', 5468, 0),
('134', 5469, 0),
('134', 5470, 0),
('134', 5471, 0),
('134', 5472, 0),
('134', 5473, 0),
('134', 5474, 0),
('134', 5475, 0),
('134', 5476, 0),
('134', 5477, 0),
('134', 5478, 0),
('134', 5479, 0),
('134', 5480, 0),
('134', 5481, 0),
('134', 5482, 0),
('134', 5483, 0),
('134', 5484, 0),
('134', 5485, 0),
('134', 5486, 0),
('134', 5487, 0),
('134', 5488, 0),
('134', 5489, 0),
('134', 5490, 0),
('134', 5491, 0),
('134', 5492, 0),
('134', 5493, 0),
('134', 5494, 0),
('134', 5495, 0),
('134', 5496, 0),
('134', 5497, 0),
('134', 5498, 0),
('134', 5499, 0),
('134', 5500, 0),
('134', 5501, 0),
('134', 5502, 0),
('134', 5503, 0),
('134', 5504, 0),
('134', 5505, 0),
('134', 5506, 0),
('134', 5507, 0),
('134', 5508, 0),
('134', 5509, 0),
('134', 5510, 0),
('134', 5511, 0),
('134', 5512, 0),
('134', 5513, 0),
('134', 5514, 0),
('134', 5515, 0),
('134', 5516, 0),
('134', 5517, 0),
('134', 5518, 0),
('134', 5519, 0),
('134', 5520, 0),
('134', 5521, 0),
('134', 5522, 0),
('134', 5523, 0),
('134', 5524, 0),
('134', 5525, 0),
('134', 5526, 0),
('134', 5527, 0),
('134', 5528, 0),
('134', 5529, 0),
('134', 5530, 0),
('134', 5531, 0),
('134', 5532, 0),
('134', 5533, 0),
('134', 5534, 0),
('134', 5535, 0),
('134', 5536, 0),
('134', 5537, 0),
('134', 5538, 0),
('134', 5539, 0),
('134', 5540, 0),
('134', 5541, 0),
('134', 5542, 0),
('134', 5543, 0),
('134', 5544, 0),
('134', 5545, 0),
('134', 5546, 0),
('134', 5547, 0),
('134', 5548, 0),
('134', 5549, 0),
('134', 5550, 0),
('134', 5551, 0),
('134', 5552, 0),
('134', 5553, 0),
('134', 5554, 0),
('134', 5555, 0),
('134', 5556, 0),
('134', 5557, 0),
('134', 5558, 0),
('134', 5559, 0),
('134', 5560, 0),
('134', 5561, 0),
('134', 5562, 0),
('134', 5563, 0),
('134', 5564, 0),
('134', 5565, 0),
('134', 5566, 0),
('134', 5567, 0),
('134', 5568, 0),
('134', 5569, 0),
('134', 5570, 0),
('134', 5571, 0),
('134', 5572, 0),
('134', 5573, 0),
('134', 5574, 0),
('134', 5575, 0),
('134', 5576, 0),
('134', 5577, 0),
('134', 5578, 0),
('134', 5579, 0),
('134', 5580, 0),
('134', 5581, 0),
('134', 5582, 0),
('134', 5583, 0),
('134', 5584, 0),
('134', 5585, 0),
('134', 5586, 0),
('134', 5587, 0),
('134', 5588, 0),
('134', 5589, 0),
('134', 5590, 0),
('134', 5591, 0),
('134', 5592, 0),
('134', 5593, 0),
('134', 5594, 0),
('134', 5595, 0),
('134', 5596, 0),
('134', 5597, 0),
('134', 5598, 0),
('134', 5599, 0),
('134', 5600, 0),
('134', 5601, 0),
('134', 5602, 0),
('134', 5603, 0),
('134', 5604, 0),
('134', 5605, 0),
('134', 5606, 0),
('134', 5607, 0),
('134', 5608, 0),
('134', 5609, 0),
('134', 5610, 0),
('134', 5611, 0),
('134', 5612, 0),
('134', 5613, 0),
('134', 5614, 0),
('134', 5615, 0),
('134', 5616, 0),
('134', 5617, 0),
('134', 5618, 0),
('134', 5619, 0),
('134', 5620, 0),
('134', 5621, 0),
('134', 5622, 0),
('134', 5623, 0),
('134', 5624, 0),
('134', 5625, 0),
('134', 5626, 0),
('134', 5627, 0),
('134', 5628, 0),
('134', 5629, 0),
('134', 5630, 0),
('134', 5631, 0),
('134', 5632, 0),
('134', 5633, 0),
('134', 5634, 0),
('134', 5635, 0),
('134', 5636, 0),
('134', 5637, 0),
('134', 5638, 0),
('134', 5639, 0),
('134', 5640, 0),
('134', 5641, 0),
('134', 5642, 0),
('134', 5643, 0),
('134', 5644, 0),
('134', 5645, 0),
('134', 5646, 0),
('134', 5647, 0),
('134', 5648, 0),
('134', 5649, 0),
('134', 5650, 0),
('134', 5651, 0),
('134', 5652, 0),
('134', 5653, 0),
('134', 5654, 0),
('134', 5655, 0),
('134', 5656, 0),
('134', 5657, 0),
('134', 5658, 0),
('134', 5659, 0),
('134', 5660, 0),
('134', 5661, 0),
('134', 5662, 0),
('134', 5663, 0),
('134', 5664, 0),
('134', 5665, 0),
('134', 5666, 0),
('134', 5667, 0),
('134', 5668, 0),
('134', 5669, 0),
('134', 5670, 0),
('134', 5671, 0),
('134', 5672, 0),
('134', 5673, 0),
('134', 5674, 0),
('134', 5675, 0),
('134', 5676, 0),
('134', 5677, 0),
('134', 5678, 0),
('134', 5679, 0),
('134', 5680, 0),
('134', 5681, 0),
('134', 5682, 0),
('134', 5683, 0),
('134', 5684, 0),
('134', 5685, 0),
('134', 5686, 0),
('134', 5687, 0),
('134', 5688, 0),
('134', 5689, 0),
('134', 5690, 0),
('134', 5691, 0),
('134', 5692, 0),
('134', 5693, 0),
('134', 5694, 0),
('134', 5695, 0),
('134', 5696, 0),
('134', 5697, 0),
('134', 5698, 0),
('134', 5699, 0),
('134', 5700, 0),
('134', 5701, 0),
('134', 5702, 0),
('134', 5703, 0),
('134', 5704, 0),
('134', 5705, 0),
('134', 5706, 0),
('134', 5707, 0),
('134', 5708, 0),
('134', 5709, 0),
('134', 5710, 0),
('134', 5711, 0),
('134', 5712, 0),
('134', 5713, 0),
('134', 5714, 0),
('134', 5715, 0),
('134', 5716, 0),
('134', 5717, 0),
('134', 5718, 0),
('134', 5719, 0),
('134', 5720, 0),
('134', 5721, 0),
('134', 5722, 0),
('134', 5723, 0),
('134', 5724, 0),
('134', 5725, 0),
('134', 5726, 0),
('134', 5727, 0),
('134', 5728, 0),
('134', 5729, 0),
('134', 5730, 0),
('134', 5731, 0),
('134', 5732, 0),
('134', 5733, 0),
('134', 5734, 0),
('134', 5735, 0),
('134', 5736, 0),
('134', 5737, 0),
('134', 5738, 0),
('134', 5739, 0),
('134', 5740, 0),
('134', 5741, 0),
('134', 5742, 0),
('134', 5743, 0),
('134', 5744, 0),
('134', 5745, 0),
('134', 5746, 0),
('134', 5747, 0),
('134', 5748, 0),
('134', 5749, 0),
('134', 5750, 0),
('134', 5751, 0),
('134', 5752, 0),
('134', 5753, 0),
('134', 5754, 0),
('134', 5755, 0),
('134', 5756, 0),
('134', 5757, 0),
('134', 5758, 0),
('134', 5759, 0),
('134', 5760, 0),
('134', 5761, 0),
('134', 5762, 0),
('134', 5763, 0),
('134', 5764, 0),
('134', 5765, 0),
('134', 5766, 0),
('134', 5767, 0),
('134', 5768, 0),
('134', 5769, 0),
('134', 5770, 0),
('134', 5771, 0),
('134', 5772, 0),
('134', 5773, 0),
('134', 5774, 0),
('134', 5775, 0),
('134', 5776, 0),
('134', 5777, 0),
('134', 5778, 0),
('134', 5779, 0),
('134', 5780, 0),
('134', 5781, 0),
('134', 5782, 0),
('134', 5783, 0),
('134', 5784, 0),
('134', 5785, 0),
('134', 5786, 0),
('134', 5787, 0),
('134', 5788, 0),
('134', 5789, 0),
('134', 5790, 0),
('134', 5791, 0),
('134', 5792, 0),
('134', 5793, 0),
('134', 5794, 0),
('134', 5795, 0),
('134', 5796, 0),
('134', 5797, 0),
('134', 5798, 0),
('134', 5799, 0),
('134', 5800, 0),
('134', 5801, 0),
('134', 5802, 0),
('134', 5803, 0),
('134', 5804, 0),
('134', 5805, 0),
('134', 5806, 0),
('134', 5807, 0),
('134', 5808, 0),
('134', 5809, 0),
('134', 5810, 0),
('134', 5811, 0),
('134', 5812, 0),
('134', 5813, 0),
('134', 5814, 0),
('134', 5815, 0),
('134', 5816, 0),
('134', 5817, 0),
('134', 5818, 0),
('134', 5819, 0),
('134', 5820, 0),
('134', 5821, 0),
('134', 5822, 0),
('134', 5823, 0),
('134', 5824, 0),
('134', 5825, 0),
('134', 5826, 0),
('134', 5827, 0),
('134', 5828, 0),
('134', 5829, 0),
('134', 5830, 0),
('134', 5831, 0),
('134', 5832, 0),
('134', 5833, 0),
('134', 5834, 0),
('134', 5835, 0),
('134', 5836, 0),
('134', 5837, 0),
('134', 5838, 0),
('134', 5839, 0),
('134', 5840, 0),
('134', 5841, 0),
('134', 5842, 0),
('134', 5843, 0),
('134', 5844, 0),
('134', 5845, 0),
('134', 5846, 0),
('134', 5847, 0),
('134', 5848, 0),
('134', 5849, 0),
('134', 5850, 0),
('134', 5851, 0),
('134', 5852, 0),
('134', 5853, 0),
('134', 5854, 0),
('134', 5855, 0),
('134', 5856, 0),
('134', 5857, 0),
('134', 5858, 0),
('134', 5859, 0),
('134', 5860, 0),
('134', 5861, 0),
('134', 5862, 0),
('134', 5863, 0),
('134', 5864, 0),
('134', 5865, 0),
('134', 5866, 0),
('134', 5867, 0),
('134', 5868, 0),
('134', 5869, 0),
('134', 5870, 0),
('134', 5871, 0),
('134', 5872, 0),
('134', 5873, 0),
('134', 5874, 0),
('134', 5875, 0),
('134', 5876, 0),
('134', 5877, 0),
('134', 5878, 0),
('134', 5879, 0),
('134', 5880, 0),
('134', 5881, 0),
('134', 5882, 0),
('134', 5883, 0),
('134', 5884, 0),
('134', 5885, 0),
('134', 5886, 0),
('134', 5887, 0),
('134', 5888, 0),
('134', 5889, 0),
('134', 5890, 0),
('134', 5891, 0),
('134', 5892, 0),
('134', 5893, 0),
('134', 5894, 0),
('134', 5895, 0),
('134', 5896, 0),
('134', 5897, 0),
('134', 5898, 0),
('134', 5899, 0),
('134', 5900, 0),
('134', 5901, 0),
('134', 5902, 0),
('134', 5903, 0),
('134', 5904, 0),
('134', 5905, 0),
('134', 5906, 0),
('134', 5907, 0),
('134', 5908, 0),
('134', 5909, 0),
('134', 5910, 0),
('134', 5911, 0),
('134', 5912, 0),
('134', 5913, 0),
('134', 5914, 0),
('134', 5915, 0),
('134', 5916, 0),
('134', 5917, 0),
('134', 5918, 0),
('134', 5919, 0),
('134', 5920, 0),
('134', 5921, 0),
('134', 5922, 0),
('134', 5923, 0),
('134', 5924, 0),
('134', 5925, 0),
('134', 5926, 0),
('134', 5927, 0),
('134', 5928, 0),
('134', 5929, 0),
('134', 5930, 0),
('134', 5931, 0),
('134', 5932, 0),
('134', 5933, 0),
('134', 5934, 0),
('134', 5935, 0),
('134', 5936, 0),
('134', 5937, 0),
('134', 5938, 0),
('134', 5939, 0),
('134', 5940, 0),
('134', 5941, 0),
('134', 5942, 0),
('134', 5943, 0),
('134', 5944, 0),
('134', 5945, 0),
('134', 5946, 0),
('134', 5947, 0),
('134', 5948, 0),
('134', 5949, 0),
('134', 5950, 0),
('134', 5951, 0),
('134', 5952, 0),
('134', 5953, 0),
('134', 5954, 0),
('134', 5955, 0),
('134', 5956, 0),
('134', 5957, 0),
('134', 5958, 0),
('134', 5959, 0),
('134', 5960, 0),
('134', 5961, 0),
('134', 5962, 0),
('134', 5963, 0),
('134', 5964, 0),
('134', 5965, 0),
('134', 5966, 0),
('134', 5967, 0),
('134', 5968, 0),
('134', 5969, 0),
('134', 5970, 0),
('134', 5971, 0),
('134', 5972, 0),
('134', 5973, 0),
('134', 5974, 0),
('134', 5975, 0),
('134', 5976, 0),
('134', 5977, 0),
('134', 5978, 0),
('134', 5979, 0),
('134', 5980, 0),
('134', 5981, 0),
('134', 5982, 0),
('134', 5983, 0),
('134', 5984, 0),
('134', 5985, 0),
('134', 5986, 0),
('134', 5987, 0),
('134', 5988, 0),
('134', 5989, 0),
('134', 5990, 0),
('134', 5991, 0),
('134', 5992, 0),
('134', 5993, 0),
('134', 5994, 0),
('134', 5995, 0),
('134', 5996, 0),
('134', 5997, 0),
('134', 5998, 0),
('134', 5999, 0),
('134', 6000, 0),
('134', 6001, 0),
('134', 6002, 0),
('134', 6003, 0),
('134', 6004, 0),
('134', 6005, 0),
('134', 6006, 0),
('134', 6007, 0),
('134', 6008, 0),
('134', 6009, 0),
('134', 6010, 0),
('134', 6011, 0),
('134', 6012, 0),
('134', 6013, 0),
('134', 6014, 0),
('134', 6015, 0),
('134', 6016, 0),
('134', 6017, 0),
('134', 6018, 0),
('134', 6019, 0),
('134', 6020, 0),
('134', 6021, 0),
('134', 6022, 0),
('134', 6023, 0),
('134', 6024, 0),
('134', 6025, 0),
('134', 6026, 0),
('134', 6027, 0),
('134', 6028, 0),
('134', 6029, 0),
('134', 6030, 0),
('134', 6031, 0),
('134', 6032, 0),
('134', 6033, 0),
('134', 6034, 0),
('134', 6035, 0),
('134', 6036, 0),
('134', 6037, 0),
('134', 6038, 0),
('134', 6039, 0),
('134', 6040, 0),
('134', 6041, 0),
('134', 6042, 0),
('134', 6043, 0),
('134', 6044, 0),
('134', 6045, 0),
('134', 6046, 0),
('134', 6047, 0),
('134', 6048, 0),
('134', 6049, 0),
('134', 6050, 0),
('134', 6051, 0),
('134', 6052, 0),
('134', 6053, 0),
('134', 6054, 0),
('134', 6055, 0),
('134', 6056, 0),
('134', 6057, 0),
('134', 6058, 0),
('134', 6059, 0),
('134', 6060, 0),
('134', 6061, 0),
('134', 6062, 0),
('134', 6063, 0),
('134', 6064, 0),
('134', 6065, 0),
('134', 6066, 0),
('134', 6067, 0),
('134', 6068, 0),
('134', 6069, 0),
('134', 6070, 0),
('134', 6071, 0),
('134', 6072, 0),
('134', 6073, 0),
('134', 6074, 0),
('134', 6075, 0),
('134', 6076, 0),
('134', 6077, 0),
('134', 6078, 0),
('134', 6079, 0),
('134', 6080, 0),
('134', 6081, 0),
('134', 6082, 0),
('134', 6083, 0),
('134', 6084, 0),
('134', 6085, 0),
('134', 6086, 0),
('134', 6087, 0),
('134', 6088, 0),
('134', 6089, 0),
('134', 6090, 0),
('134', 6091, 0),
('134', 6092, 0),
('134', 6093, 0),
('134', 6094, 0),
('134', 6095, 0),
('134', 6096, 0),
('134', 6097, 0),
('134', 6098, 0),
('134', 6099, 0),
('134', 6100, 0),
('134', 6101, 0),
('134', 6102, 0),
('134', 6103, 0),
('134', 6104, 0),
('134', 6105, 0),
('134', 6106, 0),
('134', 6107, 0),
('134', 6108, 0),
('134', 6109, 0),
('134', 6110, 0),
('134', 6111, 0),
('134', 6112, 0),
('134', 6113, 0),
('134', 6114, 0),
('134', 6115, 0),
('134', 6116, 0),
('134', 6117, 0),
('134', 6118, 0),
('134', 6119, 0),
('134', 6120, 0),
('134', 6121, 0),
('134', 6122, 0),
('134', 6123, 0),
('134', 6124, 0),
('134', 6125, 0),
('134', 6126, 0),
('134', 6127, 0),
('134', 6128, 0),
('134', 6129, 0),
('134', 6130, 0),
('134', 6131, 0),
('134', 6132, 0),
('134', 6133, 0),
('134', 6134, 0),
('134', 6135, 0),
('134', 6136, 0),
('134', 6137, 0),
('134', 6138, 0),
('134', 6139, 0),
('134', 6140, 0),
('134', 6141, 0),
('134', 6142, 0),
('134', 6143, 0),
('134', 6144, 0),
('134', 6145, 0),
('134', 6146, 0),
('134', 6147, 0),
('134', 6148, 0),
('134', 6149, 0),
('134', 6150, 0),
('134', 6151, 0),
('134', 6152, 0),
('134', 6153, 0),
('134', 6154, 0),
('134', 6155, 0),
('134', 6156, 0),
('134', 6157, 0),
('134', 6158, 0),
('134', 6159, 0),
('134', 6160, 0),
('134', 6161, 0),
('134', 6162, 0),
('134', 6163, 0),
('134', 6164, 0),
('134', 6165, 0),
('134', 6166, 0),
('134', 6167, 0),
('134', 6168, 0),
('134', 6169, 0),
('134', 6170, 0),
('134', 6171, 0),
('134', 6172, 0),
('134', 6173, 0),
('134', 6174, 0),
('134', 6175, 0),
('134', 6176, 0),
('134', 6177, 0),
('134', 6178, 0),
('134', 6179, 0),
('134', 6180, 0),
('134', 6181, 0),
('134', 6182, 0),
('134', 6183, 0),
('134', 6184, 0),
('134', 6185, 0),
('134', 6186, 0),
('134', 6187, 0),
('134', 6188, 0),
('134', 6189, 0),
('134', 6190, 0),
('134', 6191, 0),
('134', 6192, 0),
('134', 6193, 0),
('134', 6194, 0),
('134', 6195, 0),
('134', 6196, 0),
('134', 6197, 0),
('134', 6198, 0),
('134', 6199, 0),
('134', 6200, 0),
('134', 6201, 0),
('134', 6202, 0),
('134', 6203, 0),
('134', 6204, 0),
('134', 6205, 0),
('134', 6206, 0),
('134', 6207, 0),
('134', 6208, 0),
('134', 6209, 0),
('134', 6210, 0),
('134', 6211, 0),
('134', 6212, 0),
('134', 6213, 0),
('134', 6214, 0),
('134', 6215, 0),
('134', 6216, 0),
('134', 6217, 0),
('134', 6218, 0),
('134', 6219, 0),
('134', 6220, 0),
('134', 6221, 0),
('134', 6222, 0),
('134', 6223, 0),
('134', 6224, 0),
('134', 6225, 0),
('134', 6226, 0),
('134', 6227, 0),
('134', 6228, 0),
('134', 6229, 0),
('134', 6230, 0),
('134', 6231, 0),
('134', 6232, 0),
('134', 6233, 0),
('134', 6234, 0),
('134', 6235, 0),
('134', 6236, 0),
('134', 6237, 0),
('134', 6238, 0),
('134', 6239, 0),
('134', 6240, 0),
('134', 6241, 0),
('134', 6242, 0),
('134', 6243, 0),
('134', 6244, 0),
('134', 6245, 0),
('134', 6246, 0),
('134', 6247, 0),
('134', 6248, 0),
('134', 6249, 0),
('134', 6250, 0),
('134', 6251, 0),
('134', 6252, 0),
('134', 6253, 0),
('134', 6254, 0);
INSERT INTO `place` (`n_avion`, `n_place`, `occupation`) VALUES
('134', 6255, 0),
('134', 6256, 0),
('134', 6257, 0),
('134', 6258, 0),
('134', 6259, 0),
('134', 6260, 0),
('134', 6261, 0),
('134', 6262, 0),
('134', 6263, 0),
('134', 6264, 0),
('134', 6265, 0),
('134', 6266, 0),
('134', 6267, 0),
('134', 6268, 0),
('134', 6269, 0),
('134', 6270, 0),
('134', 6271, 0),
('134', 6272, 0),
('134', 6273, 0),
('134', 6274, 0),
('134', 6275, 0),
('134', 6276, 0),
('134', 6277, 0),
('134', 6278, 0),
('134', 6279, 0),
('134', 6280, 0),
('134', 6281, 0),
('134', 6282, 0),
('134', 6283, 0),
('134', 6284, 0),
('134', 6285, 0),
('134', 6286, 0),
('134', 6287, 0),
('134', 6288, 0),
('134', 6289, 0),
('134', 6290, 0),
('134', 6291, 0),
('134', 6292, 0),
('134', 6293, 0),
('134', 6294, 0),
('134', 6295, 0),
('134', 6296, 0),
('134', 6297, 0),
('134', 6298, 0),
('134', 6299, 0),
('134', 6300, 0),
('134', 6301, 0),
('134', 6302, 0),
('134', 6303, 0),
('134', 6304, 0),
('134', 6305, 0),
('134', 6306, 0),
('134', 6307, 0),
('134', 6308, 0),
('134', 6309, 0),
('134', 6310, 0),
('134', 6311, 0),
('134', 6312, 0),
('134', 6313, 0),
('134', 6314, 0),
('134', 6315, 0),
('134', 6316, 0),
('134', 6317, 0),
('134', 6318, 0),
('134', 6319, 0),
('134', 6320, 0),
('134', 6321, 0),
('134', 6322, 0),
('134', 6323, 0),
('134', 6324, 0),
('134', 6325, 0),
('134', 6326, 0),
('134', 6327, 0),
('134', 6328, 0),
('134', 6329, 0),
('134', 6330, 0),
('134', 6331, 0),
('134', 6332, 0),
('134', 6333, 0),
('134', 6334, 0),
('134', 6335, 0),
('134', 6336, 0),
('134', 6337, 0),
('134', 6338, 0),
('134', 6339, 0),
('134', 6340, 0),
('134', 6341, 0),
('134', 6342, 0),
('134', 6343, 0),
('134', 6344, 0),
('134', 6345, 0),
('134', 6346, 0),
('134', 6347, 0),
('134', 6348, 0),
('134', 6349, 0),
('134', 6350, 0),
('134', 6351, 0),
('134', 6352, 0),
('134', 6353, 0),
('134', 6354, 0),
('134', 6355, 0),
('134', 6356, 0),
('134', 6357, 0),
('134', 6358, 0),
('134', 6359, 0),
('134', 6360, 0),
('134', 6361, 0),
('134', 6362, 0),
('134', 6363, 0),
('134', 6364, 0),
('134', 6365, 0),
('134', 6366, 0),
('134', 6367, 0),
('134', 6368, 0),
('134', 6369, 0),
('134', 6370, 0),
('134', 6371, 0),
('134', 6372, 0),
('134', 6373, 0),
('134', 6374, 0),
('134', 6375, 0),
('134', 6376, 0),
('134', 6377, 0),
('134', 6378, 0),
('134', 6379, 0),
('134', 6380, 0),
('134', 6381, 0),
('134', 6382, 0),
('134', 6383, 0),
('134', 6384, 0),
('134', 6385, 0),
('134', 6386, 0),
('134', 6387, 0),
('134', 6388, 0),
('134', 6389, 0),
('134', 6390, 0),
('134', 6391, 0),
('134', 6392, 0),
('134', 6393, 0),
('134', 6394, 0),
('134', 6395, 0),
('134', 6396, 0),
('134', 6397, 0),
('134', 6398, 0),
('134', 6399, 0),
('134', 6400, 0),
('134', 6401, 0),
('134', 6402, 0),
('134', 6403, 0),
('134', 6404, 0),
('134', 6405, 0),
('134', 6406, 0),
('134', 6407, 0),
('134', 6408, 0),
('134', 6409, 0),
('134', 6410, 0),
('134', 6411, 0),
('134', 6412, 0),
('134', 6413, 0),
('134', 6414, 0),
('134', 6415, 0),
('134', 6416, 0),
('134', 6417, 0),
('134', 6418, 0),
('134', 6419, 0),
('134', 6420, 0),
('134', 6421, 0),
('134', 6422, 0),
('134', 6423, 0),
('134', 6424, 0),
('134', 6425, 0),
('134', 6426, 0),
('134', 6427, 0),
('134', 6428, 0),
('134', 6429, 0),
('134', 6430, 0),
('134', 6431, 0),
('134', 6432, 0),
('134', 6433, 0),
('134', 6434, 0),
('134', 6435, 0),
('134', 6436, 0),
('134', 6437, 0),
('134', 6438, 0),
('134', 6439, 0),
('134', 6440, 0),
('134', 6441, 0),
('134', 6442, 0),
('134', 6443, 0),
('134', 6444, 0),
('134', 6445, 0),
('134', 6446, 0),
('134', 6447, 0),
('134', 6448, 0),
('134', 6449, 0),
('134', 6450, 0),
('134', 6451, 0),
('134', 6452, 0),
('134', 6453, 0),
('134', 6454, 0),
('134', 6455, 0),
('134', 6456, 0),
('134', 6457, 0),
('134', 6458, 0),
('134', 6459, 0),
('134', 6460, 0),
('134', 6461, 0),
('134', 6462, 0),
('134', 6463, 0),
('134', 6464, 0),
('134', 6465, 0),
('134', 6466, 0),
('134', 6467, 0),
('134', 6468, 0),
('134', 6469, 0),
('134', 6470, 0),
('134', 6471, 0),
('134', 6472, 0),
('134', 6473, 0),
('134', 6474, 0),
('134', 6475, 0),
('134', 6476, 0),
('134', 6477, 0),
('134', 6478, 0),
('134', 6479, 0),
('134', 6480, 0),
('134', 6481, 0),
('134', 6482, 0),
('134', 6483, 0),
('134', 6484, 0),
('134', 6485, 0),
('134', 6486, 0),
('134', 6487, 0),
('134', 6488, 0),
('134', 6489, 0),
('134', 6490, 0),
('134', 6491, 0),
('134', 6492, 0),
('134', 6493, 0),
('134', 6494, 0),
('134', 6495, 0),
('134', 6496, 0),
('134', 6497, 0),
('134', 6498, 0),
('134', 6499, 0),
('134', 6500, 0),
('134', 6501, 0),
('134', 6502, 0),
('134', 6503, 0),
('134', 6504, 0),
('134', 6505, 0),
('134', 6506, 0),
('134', 6507, 0),
('134', 6508, 0),
('134', 6509, 0),
('134', 6510, 0),
('134', 6511, 0),
('134', 6512, 0),
('134', 6513, 0),
('134', 6514, 0),
('134', 6515, 0),
('134', 6516, 0),
('134', 6517, 0),
('134', 6518, 0),
('134', 6519, 0),
('134', 6520, 0),
('134', 6521, 0),
('134', 6522, 0),
('134', 6523, 0),
('134', 6524, 0),
('134', 6525, 0),
('134', 6526, 0),
('134', 6527, 0),
('134', 6528, 0),
('134', 6529, 0),
('134', 6530, 0),
('134', 6531, 0),
('134', 6532, 0),
('134', 6533, 0),
('134', 6534, 0),
('134', 6535, 0),
('134', 6536, 0),
('134', 6537, 0),
('134', 6538, 0),
('134', 6539, 0),
('134', 6540, 0),
('134', 6541, 0),
('134', 6542, 0),
('134', 6543, 0),
('134', 6544, 0),
('134', 6545, 0),
('134', 6546, 0),
('134', 6547, 0),
('134', 6548, 0),
('134', 6549, 0),
('134', 6550, 0),
('134', 6551, 0),
('134', 6552, 0),
('134', 6553, 0),
('134', 6554, 0),
('134', 6555, 0),
('134', 6556, 0),
('134', 6557, 0),
('134', 6558, 0),
('134', 6559, 0),
('134', 6560, 0),
('134', 6561, 0),
('134', 6562, 0),
('134', 6563, 0),
('134', 6564, 0),
('134', 6565, 0),
('134', 6566, 0),
('134', 6567, 0),
('134', 6568, 0),
('134', 6569, 0),
('134', 6570, 0),
('134', 6571, 0),
('134', 6572, 0),
('134', 6573, 0),
('134', 6574, 0),
('134', 6575, 0),
('134', 6576, 0),
('134', 6577, 0),
('134', 6578, 0),
('134', 6579, 0),
('134', 6580, 0),
('134', 6581, 0),
('134', 6582, 0),
('134', 6583, 0),
('134', 6584, 0),
('134', 6585, 0),
('134', 6586, 0),
('134', 6587, 0),
('134', 6588, 0),
('134', 6589, 0),
('134', 6590, 0),
('134', 6591, 0),
('134', 6592, 0),
('134', 6593, 0),
('134', 6594, 0),
('134', 6595, 0),
('134', 6596, 0),
('134', 6597, 0),
('134', 6598, 0),
('134', 6599, 0),
('134', 6600, 0),
('134', 6601, 0),
('134', 6602, 0),
('134', 6603, 0),
('134', 6604, 0),
('134', 6605, 0),
('134', 6606, 0),
('134', 6607, 0),
('134', 6608, 0),
('134', 6609, 0),
('134', 6610, 0),
('134', 6611, 0),
('134', 6612, 0),
('134', 6613, 0),
('134', 6614, 0),
('134', 6615, 0),
('134', 6616, 0),
('134', 6617, 0),
('134', 6618, 0),
('134', 6619, 0),
('134', 6620, 0),
('134', 6621, 0),
('134', 6622, 0),
('134', 6623, 0),
('134', 6624, 0),
('134', 6625, 0),
('134', 6626, 0),
('134', 6627, 0),
('134', 6628, 0),
('134', 6629, 0),
('134', 6630, 0),
('134', 6631, 0),
('134', 6632, 0),
('134', 6633, 0),
('134', 6634, 0),
('134', 6635, 0),
('134', 6636, 0),
('134', 6637, 0),
('134', 6638, 0),
('134', 6639, 0),
('134', 6640, 0),
('134', 6641, 0),
('134', 6642, 0),
('134', 6643, 0),
('134', 6644, 0),
('134', 6645, 0),
('134', 6646, 0),
('134', 6647, 0),
('134', 6648, 0),
('134', 6649, 0),
('134', 6650, 0),
('134', 6651, 0),
('134', 6652, 0),
('134', 6653, 0),
('134', 6654, 0),
('134', 6655, 0),
('134', 6656, 0),
('134', 6657, 0),
('134', 6658, 0),
('134', 6659, 0),
('134', 6660, 0),
('134', 6661, 0),
('134', 6662, 0),
('134', 6663, 0),
('134', 6664, 0),
('134', 6665, 0),
('134', 6666, 0),
('134', 6667, 0),
('134', 6668, 0),
('134', 6669, 0),
('134', 6670, 0),
('134', 6671, 0),
('134', 6672, 0),
('134', 6673, 0),
('134', 6674, 0),
('134', 6675, 0),
('134', 6676, 0),
('134', 6677, 0),
('134', 6678, 0),
('134', 6679, 0),
('134', 6680, 0),
('134', 6681, 0),
('134', 6682, 0),
('134', 6683, 0),
('134', 6684, 0),
('134', 6685, 0),
('134', 6686, 0),
('134', 6687, 0),
('134', 6688, 0),
('134', 6689, 0),
('134', 6690, 0),
('134', 6691, 0),
('134', 6692, 0),
('134', 6693, 0),
('134', 6694, 0),
('134', 6695, 0),
('134', 6696, 0),
('134', 6697, 0),
('134', 6698, 0),
('134', 6699, 0),
('134', 6700, 0),
('134', 6701, 0),
('134', 6702, 0),
('134', 6703, 0),
('134', 6704, 0),
('134', 6705, 0),
('134', 6706, 0),
('134', 6707, 0),
('134', 6708, 0),
('134', 6709, 0),
('134', 6710, 0),
('134', 6711, 0),
('134', 6712, 0),
('134', 6713, 0),
('134', 6714, 0),
('134', 6715, 0),
('134', 6716, 0),
('134', 6717, 0),
('134', 6718, 0),
('134', 6719, 0),
('134', 6720, 0),
('134', 6721, 0),
('134', 6722, 0),
('134', 6723, 0),
('134', 6724, 0),
('134', 6725, 0),
('134', 6726, 0),
('134', 6727, 0),
('134', 6728, 0),
('134', 6729, 0),
('134', 6730, 0),
('134', 6731, 0),
('134', 6732, 0),
('134', 6733, 0),
('134', 6734, 0),
('134', 6735, 0),
('134', 6736, 0),
('134', 6737, 0),
('134', 6738, 0),
('134', 6739, 0),
('134', 6740, 0),
('134', 6741, 0),
('134', 6742, 0),
('134', 6743, 0),
('134', 6744, 0),
('134', 6745, 0),
('134', 6746, 0),
('134', 6747, 0),
('134', 6748, 0),
('134', 6749, 0),
('134', 6750, 0),
('134', 6751, 0),
('134', 6752, 0),
('134', 6753, 0),
('134', 6754, 0),
('134', 6755, 0),
('134', 6756, 0),
('134', 6757, 0),
('134', 6758, 0),
('134', 6759, 0),
('134', 6760, 0),
('134', 6761, 0),
('134', 6762, 0),
('134', 6763, 0),
('134', 6764, 0),
('134', 6765, 0),
('134', 6766, 0),
('134', 6767, 0),
('134', 6768, 0),
('134', 6769, 0),
('134', 6770, 0),
('134', 6771, 0),
('134', 6772, 0),
('134', 6773, 0),
('134', 6774, 0),
('134', 6775, 0),
('134', 6776, 0),
('134', 6777, 0),
('134', 6778, 0),
('134', 6779, 0),
('134', 6780, 0),
('134', 6781, 0),
('134', 6782, 0),
('134', 6783, 0),
('134', 6784, 0),
('134', 6785, 0),
('134', 6786, 0),
('134', 6787, 0),
('134', 6788, 0),
('134', 6789, 0),
('134', 6790, 0),
('134', 6791, 0),
('134', 6792, 0),
('134', 6793, 0),
('134', 6794, 0),
('134', 6795, 0),
('134', 6796, 0),
('134', 6797, 0),
('134', 6798, 0),
('134', 6799, 0),
('134', 6800, 0),
('134', 6801, 0),
('134', 6802, 0),
('134', 6803, 0),
('134', 6804, 0),
('134', 6805, 0),
('134', 6806, 0),
('134', 6807, 0),
('134', 6808, 0),
('134', 6809, 0),
('134', 6810, 0),
('134', 6811, 0),
('134', 6812, 0),
('134', 6813, 0),
('134', 6814, 0),
('134', 6815, 0),
('134', 6816, 0),
('134', 6817, 0),
('134', 6818, 0),
('134', 6819, 0),
('134', 6820, 0),
('134', 6821, 0),
('134', 6822, 0),
('134', 6823, 0),
('134', 6824, 0),
('134', 6825, 0),
('134', 6826, 0),
('134', 6827, 0),
('134', 6828, 0),
('134', 6829, 0),
('134', 6830, 0),
('134', 6831, 0),
('134', 6832, 0),
('134', 6833, 0),
('134', 6834, 0),
('134', 6835, 0),
('134', 6836, 0),
('134', 6837, 0),
('134', 6838, 0),
('134', 6839, 0),
('134', 6840, 0),
('134', 6841, 0),
('134', 6842, 0),
('134', 6843, 0),
('134', 6844, 0),
('134', 6845, 0),
('134', 6846, 0),
('134', 6847, 0),
('134', 6848, 0),
('134', 6849, 0),
('134', 6850, 0),
('134', 6851, 0),
('134', 6852, 0),
('134', 6853, 0),
('134', 6854, 0),
('134', 6855, 0),
('134', 6856, 0),
('134', 6857, 0),
('134', 6858, 0),
('134', 6859, 0),
('134', 6860, 0),
('134', 6861, 0),
('134', 6862, 0),
('134', 6863, 0),
('134', 6864, 0),
('134', 6865, 0),
('134', 6866, 0),
('134', 6867, 0),
('134', 6868, 0),
('134', 6869, 0),
('134', 6870, 0),
('134', 6871, 0),
('134', 6872, 0),
('134', 6873, 0),
('134', 6874, 0),
('134', 6875, 0),
('134', 6876, 0),
('134', 6877, 0),
('134', 6878, 0),
('134', 6879, 0),
('134', 6880, 0),
('134', 6881, 0),
('134', 6882, 0),
('134', 6883, 0),
('134', 6884, 0),
('134', 6885, 0),
('134', 6886, 0),
('134', 6887, 0),
('134', 6888, 0),
('134', 6889, 0),
('134', 6890, 0),
('134', 6891, 0),
('134', 6892, 0),
('134', 6893, 0),
('134', 6894, 0),
('134', 6895, 0),
('134', 6896, 0),
('134', 6897, 0),
('134', 6898, 0),
('134', 6899, 0),
('134', 6900, 0),
('134', 6901, 0),
('134', 6902, 0),
('134', 6903, 0),
('134', 6904, 0),
('134', 6905, 0),
('134', 6906, 0),
('134', 6907, 0),
('134', 6908, 0),
('134', 6909, 0),
('134', 6910, 0),
('134', 6911, 0),
('134', 6912, 0),
('134', 6913, 0),
('134', 6914, 0),
('134', 6915, 0),
('134', 6916, 0),
('134', 6917, 0),
('134', 6918, 0),
('134', 6919, 0),
('134', 6920, 0),
('134', 6921, 0),
('134', 6922, 0),
('134', 6923, 0),
('134', 6924, 0),
('134', 6925, 0),
('134', 6926, 0),
('134', 6927, 0),
('134', 6928, 0),
('134', 6929, 0),
('134', 6930, 0),
('134', 6931, 0),
('134', 6932, 0),
('134', 6933, 0),
('134', 6934, 0),
('134', 6935, 0),
('134', 6936, 0),
('134', 6937, 0),
('134', 6938, 0),
('134', 6939, 0),
('134', 6940, 0),
('134', 6941, 0),
('134', 6942, 0),
('134', 6943, 0),
('134', 6944, 0),
('134', 6945, 0),
('134', 6946, 0),
('134', 6947, 0),
('134', 6948, 0),
('134', 6949, 0),
('134', 6950, 0),
('134', 6951, 0),
('134', 6952, 0),
('134', 6953, 0),
('134', 6954, 0),
('134', 6955, 0),
('134', 6956, 0),
('134', 6957, 0),
('134', 6958, 0),
('134', 6959, 0),
('134', 6960, 0),
('134', 6961, 0),
('134', 6962, 0),
('134', 6963, 0),
('134', 6964, 0),
('134', 6965, 0),
('134', 6966, 0),
('134', 6967, 0),
('134', 6968, 0),
('134', 6969, 0),
('134', 6970, 0),
('134', 6971, 0),
('134', 6972, 0),
('134', 6973, 0),
('134', 6974, 0),
('134', 6975, 0),
('134', 6976, 0),
('134', 6977, 0),
('134', 6978, 0),
('134', 6979, 0),
('134', 6980, 0),
('134', 6981, 0),
('134', 6982, 0),
('134', 6983, 0),
('134', 6984, 0),
('134', 6985, 0),
('134', 6986, 0),
('134', 6987, 0),
('134', 6988, 0),
('134', 6989, 0),
('134', 6990, 0),
('134', 6991, 0),
('134', 6992, 0),
('134', 6993, 0),
('134', 6994, 0),
('134', 6995, 0),
('134', 6996, 0),
('134', 6997, 0),
('134', 6998, 0),
('134', 6999, 0),
('134', 7000, 0),
('134', 7001, 0),
('134', 7002, 0),
('134', 7003, 0),
('134', 7004, 0),
('134', 7005, 0),
('134', 7006, 0),
('134', 7007, 0),
('134', 7008, 0),
('134', 7009, 0),
('134', 7010, 0),
('134', 7011, 0),
('134', 7012, 0),
('134', 7013, 0),
('134', 7014, 0),
('134', 7015, 0),
('134', 7016, 0),
('134', 7017, 0),
('134', 7018, 0),
('134', 7019, 0),
('134', 7020, 0),
('134', 7021, 0),
('134', 7022, 0),
('134', 7023, 0),
('134', 7024, 0),
('134', 7025, 0),
('134', 7026, 0),
('134', 7027, 0),
('134', 7028, 0),
('134', 7029, 0),
('134', 7030, 0),
('134', 7031, 0),
('134', 7032, 0),
('134', 7033, 0),
('134', 7034, 0),
('134', 7035, 0),
('134', 7036, 0),
('134', 7037, 0),
('134', 7038, 0),
('134', 7039, 0),
('134', 7040, 0),
('134', 7041, 0),
('134', 7042, 0),
('134', 7043, 0),
('134', 7044, 0),
('134', 7045, 0),
('134', 7046, 0),
('134', 7047, 0),
('134', 7048, 0),
('134', 7049, 0),
('134', 7050, 0),
('134', 7051, 0),
('134', 7052, 0),
('134', 7053, 0),
('134', 7054, 0),
('134', 7055, 0),
('134', 7056, 0),
('134', 7057, 0),
('134', 7058, 0),
('134', 7059, 0),
('134', 7060, 0),
('134', 7061, 0),
('134', 7062, 0),
('134', 7063, 0),
('134', 7064, 0),
('134', 7065, 0),
('134', 7066, 0),
('134', 7067, 0),
('134', 7068, 0),
('134', 7069, 0),
('134', 7070, 0),
('134', 7071, 0),
('134', 7072, 0),
('134', 7073, 0),
('134', 7074, 0),
('134', 7075, 0),
('134', 7076, 0),
('134', 7077, 0),
('134', 7078, 0),
('134', 7079, 0),
('134', 7080, 0),
('134', 7081, 0),
('134', 7082, 0),
('134', 7083, 0),
('134', 7084, 0),
('134', 7085, 0),
('134', 7086, 0),
('134', 7087, 0),
('134', 7088, 0),
('134', 7089, 0),
('134', 7090, 0),
('134', 7091, 0),
('134', 7092, 0),
('134', 7093, 0),
('134', 7094, 0),
('134', 7095, 0),
('134', 7096, 0),
('134', 7097, 0),
('134', 7098, 0),
('134', 7099, 0),
('134', 7100, 0),
('134', 7101, 0),
('134', 7102, 0),
('134', 7103, 0),
('134', 7104, 0),
('134', 7105, 0),
('134', 7106, 0),
('134', 7107, 0),
('134', 7108, 0),
('134', 7109, 0),
('134', 7110, 0),
('134', 7111, 0),
('134', 7112, 0),
('134', 7113, 0),
('134', 7114, 0),
('134', 7115, 0),
('134', 7116, 0),
('134', 7117, 0),
('134', 7118, 0),
('134', 7119, 0),
('134', 7120, 0),
('134', 7121, 0),
('134', 7122, 0),
('134', 7123, 0),
('134', 7124, 0),
('134', 7125, 0),
('134', 7126, 0),
('134', 7127, 0),
('134', 7128, 0),
('134', 7129, 0),
('134', 7130, 0),
('134', 7131, 0),
('134', 7132, 0),
('134', 7133, 0),
('134', 7134, 0),
('134', 7135, 0),
('134', 7136, 0),
('134', 7137, 0),
('134', 7138, 0),
('134', 7139, 0),
('134', 7140, 0),
('134', 7141, 0),
('134', 7142, 0),
('134', 7143, 0),
('134', 7144, 0),
('134', 7145, 0),
('134', 7146, 0),
('134', 7147, 0),
('134', 7148, 0),
('134', 7149, 0),
('134', 7150, 0),
('134', 7151, 0),
('134', 7152, 0),
('134', 7153, 0),
('134', 7154, 0),
('134', 7155, 0),
('134', 7156, 0),
('134', 7157, 0),
('134', 7158, 0),
('134', 7159, 0),
('134', 7160, 0),
('134', 7161, 0),
('134', 7162, 0),
('134', 7163, 0),
('134', 7164, 0),
('134', 7165, 0),
('134', 7166, 0),
('134', 7167, 0),
('134', 7168, 0),
('134', 7169, 0),
('134', 7170, 0),
('134', 7171, 0),
('134', 7172, 0),
('134', 7173, 0),
('134', 7174, 0),
('134', 7175, 0),
('134', 7176, 0),
('134', 7177, 0),
('134', 7178, 0),
('134', 7179, 0),
('134', 7180, 0),
('134', 7181, 0),
('134', 7182, 0),
('134', 7183, 0),
('134', 7184, 0),
('134', 7185, 0),
('134', 7186, 0),
('134', 7187, 0),
('134', 7188, 0),
('134', 7189, 0),
('134', 7190, 0),
('134', 7191, 0),
('134', 7192, 0),
('134', 7193, 0),
('134', 7194, 0),
('134', 7195, 0),
('134', 7196, 0),
('134', 7197, 0),
('134', 7198, 0),
('134', 7199, 0),
('134', 7200, 0),
('134', 7201, 0),
('134', 7202, 0),
('134', 7203, 0),
('134', 7204, 0),
('134', 7205, 0),
('134', 7206, 0),
('134', 7207, 0),
('134', 7208, 0),
('134', 7209, 0),
('134', 7210, 0),
('134', 7211, 0),
('134', 7212, 0),
('134', 7213, 0),
('134', 7214, 0),
('134', 7215, 0),
('134', 7216, 0),
('134', 7217, 0),
('134', 7218, 0),
('134', 7219, 0),
('134', 7220, 0),
('134', 7221, 0),
('134', 7222, 0),
('134', 7223, 0),
('134', 7224, 0),
('134', 7225, 0),
('134', 7226, 0),
('134', 7227, 0),
('134', 7228, 0),
('134', 7229, 0),
('134', 7230, 0),
('134', 7231, 0),
('134', 7232, 0),
('134', 7233, 0),
('134', 7234, 0),
('134', 7235, 0),
('134', 7236, 0),
('134', 7237, 0),
('134', 7238, 0),
('134', 7239, 0),
('134', 7240, 0),
('134', 7241, 0),
('134', 7242, 0),
('134', 7243, 0),
('134', 7244, 0),
('134', 7245, 0),
('134', 7246, 0),
('134', 7247, 0),
('134', 7248, 0),
('134', 7249, 0),
('134', 7250, 0),
('134', 7251, 0),
('134', 7252, 0),
('134', 7253, 0),
('134', 7254, 0),
('134', 7255, 0),
('134', 7256, 0),
('134', 7257, 0),
('134', 7258, 0),
('134', 7259, 0),
('134', 7260, 0),
('134', 7261, 0),
('134', 7262, 0),
('134', 7263, 0),
('134', 7264, 0),
('134', 7265, 0),
('134', 7266, 0),
('134', 7267, 0),
('134', 7268, 0),
('134', 7269, 0),
('134', 7270, 0),
('134', 7271, 0),
('134', 7272, 0),
('134', 7273, 0),
('134', 7274, 0),
('134', 7275, 0),
('134', 7276, 0),
('134', 7277, 0),
('134', 7278, 0),
('134', 7279, 0),
('134', 7280, 0),
('134', 7281, 0),
('134', 7282, 0),
('134', 7283, 0),
('134', 7284, 0),
('134', 7285, 0),
('134', 7286, 0),
('134', 7287, 0),
('134', 7288, 0),
('134', 7289, 0),
('134', 7290, 0),
('134', 7291, 0),
('134', 7292, 0),
('134', 7293, 0),
('134', 7294, 0),
('134', 7295, 0),
('134', 7296, 0),
('134', 7297, 0),
('134', 7298, 0),
('134', 7299, 0),
('134', 7300, 0),
('134', 7301, 0),
('134', 7302, 0),
('134', 7303, 0),
('134', 7304, 0),
('134', 7305, 0),
('134', 7306, 0),
('134', 7307, 0),
('134', 7308, 0),
('134', 7309, 0),
('134', 7310, 0),
('134', 7311, 0),
('134', 7312, 0),
('134', 7313, 0),
('134', 7314, 0),
('134', 7315, 0),
('134', 7316, 0),
('134', 7317, 0),
('134', 7318, 0),
('134', 7319, 0),
('134', 7320, 0),
('134', 7321, 0),
('134', 7322, 0),
('134', 7323, 0),
('134', 7324, 0),
('134', 7325, 0),
('134', 7326, 0),
('134', 7327, 0),
('134', 7328, 0),
('134', 7329, 0),
('134', 7330, 0),
('134', 7331, 0),
('134', 7332, 0),
('134', 7333, 0),
('134', 7334, 0),
('134', 7335, 0),
('134', 7336, 0),
('134', 7337, 0),
('134', 7338, 0),
('134', 7339, 0),
('134', 7340, 0),
('134', 7341, 0),
('134', 7342, 0),
('134', 7343, 0),
('134', 7344, 0),
('134', 7345, 0),
('134', 7346, 0),
('134', 7347, 0),
('134', 7348, 0),
('134', 7349, 0),
('134', 7350, 0),
('134', 7351, 0),
('134', 7352, 0),
('134', 7353, 0),
('134', 7354, 0),
('134', 7355, 0),
('134', 7356, 0),
('134', 7357, 0),
('134', 7358, 0),
('134', 7359, 0),
('134', 7360, 0),
('134', 7361, 0),
('134', 7362, 0),
('134', 7363, 0),
('134', 7364, 0),
('134', 7365, 0),
('134', 7366, 0),
('134', 7367, 0),
('134', 7368, 0),
('134', 7369, 0),
('134', 7370, 0),
('134', 7371, 0),
('134', 7372, 0),
('134', 7373, 0),
('134', 7374, 0),
('134', 7375, 0),
('134', 7376, 0),
('134', 7377, 0),
('134', 7378, 0),
('134', 7379, 0),
('134', 7380, 0),
('134', 7381, 0),
('134', 7382, 0),
('134', 7383, 0),
('134', 7384, 0),
('134', 7385, 0),
('134', 7386, 0),
('134', 7387, 0),
('134', 7388, 0),
('134', 7389, 0),
('134', 7390, 0),
('134', 7391, 0),
('134', 7392, 0),
('134', 7393, 0),
('134', 7394, 0),
('134', 7395, 0),
('134', 7396, 0),
('134', 7397, 0),
('134', 7398, 0),
('134', 7399, 0),
('134', 7400, 0),
('134', 7401, 0),
('134', 7402, 0),
('134', 7403, 0),
('134', 7404, 0),
('134', 7405, 0),
('134', 7406, 0),
('134', 7407, 0),
('134', 7408, 0),
('134', 7409, 0),
('134', 7410, 0),
('134', 7411, 0),
('134', 7412, 0),
('134', 7413, 0),
('134', 7414, 0),
('134', 7415, 0),
('134', 7416, 0),
('134', 7417, 0),
('134', 7418, 0),
('134', 7419, 0),
('134', 7420, 0),
('134', 7421, 0),
('134', 7422, 0),
('134', 7423, 0),
('134', 7424, 0),
('134', 7425, 0),
('134', 7426, 0),
('134', 7427, 0),
('134', 7428, 0),
('134', 7429, 0),
('134', 7430, 0),
('134', 7431, 0),
('134', 7432, 0),
('134', 7433, 0),
('134', 7434, 0),
('134', 7435, 0),
('134', 7436, 0),
('134', 7437, 0),
('134', 7438, 0),
('134', 7439, 0),
('134', 7440, 0),
('134', 7441, 0),
('134', 7442, 0),
('134', 7443, 0),
('134', 7444, 0),
('134', 7445, 0),
('134', 7446, 0),
('134', 7447, 0),
('134', 7448, 0),
('134', 7449, 0),
('134', 7450, 0),
('134', 7451, 0),
('134', 7452, 0),
('134', 7453, 0),
('134', 7454, 0),
('134', 7455, 0),
('134', 7456, 0),
('134', 7457, 0),
('134', 7458, 0),
('134', 7459, 0),
('134', 7460, 0),
('134', 7461, 0),
('134', 7462, 0),
('134', 7463, 0),
('134', 7464, 0),
('134', 7465, 0),
('134', 7466, 0),
('134', 7467, 0),
('134', 7468, 0),
('134', 7469, 0),
('134', 7470, 0),
('134', 7471, 0),
('134', 7472, 0),
('134', 7473, 0),
('134', 7474, 0),
('134', 7475, 0),
('134', 7476, 0),
('134', 7477, 0),
('134', 7478, 0),
('134', 7479, 0),
('134', 7480, 0),
('134', 7481, 0),
('134', 7482, 0),
('134', 7483, 0),
('134', 7484, 0),
('134', 7485, 0),
('134', 7486, 0),
('134', 7487, 0),
('134', 7488, 0),
('134', 7489, 0),
('134', 7490, 0),
('134', 7491, 0),
('134', 7492, 0),
('134', 7493, 0),
('134', 7494, 0),
('134', 7495, 0),
('134', 7496, 0),
('134', 7497, 0),
('134', 7498, 0),
('134', 7499, 0),
('14', 0, 0),
('14', 1, 0),
('14', 2, 0),
('14', 3, 0),
('14', 4, 0),
('14', 5, 0),
('14', 6, 0),
('14', 7, 0),
('14', 8, 0),
('14', 9, 0),
('14', 10, 0),
('14', 11, 0),
('14', 12, 0),
('14', 13, 0),
('14', 14, 0),
('14', 15, 0),
('14', 16, 0),
('14', 17, 0),
('14', 18, 0),
('14', 19, 0),
('14', 20, 0),
('14', 21, 0),
('14', 22, 0),
('14', 23, 0),
('14', 24, 0),
('14', 25, 0),
('14', 26, 0),
('14', 27, 0),
('14', 28, 0),
('14', 29, 0),
('14', 30, 0),
('14', 31, 0),
('14', 32, 0),
('14', 33, 0),
('14', 34, 0),
('14', 35, 0),
('14', 36, 0),
('14', 37, 0),
('14', 38, 0),
('14', 39, 0),
('21', 0, 0),
('21', 1, 0),
('21', 2, 0),
('21', 3, 0),
('21', 4, 0),
('21', 5, 0),
('21', 6, 0),
('21', 7, 0),
('21', 8, 0),
('21', 9, 0),
('21', 10, 0),
('21', 11, 0),
('21', 12, 0),
('21', 13, 0),
('21', 14, 0),
('21', 15, 0),
('21', 16, 0),
('21', 17, 0),
('21', 18, 0),
('21', 19, 0),
('21', 20, 0),
('21', 21, 0),
('21', 22, 0),
('21', 23, 0),
('21', 24, 0),
('21', 25, 0),
('21', 26, 0),
('21', 27, 0),
('21', 28, 0),
('21', 29, 0),
('21', 30, 0),
('21', 31, 0),
('21', 32, 0),
('21', 33, 0),
('21', 34, 0),
('21', 35, 0),
('21', 36, 0),
('21', 37, 0),
('21', 38, 0),
('21', 39, 0);

-- --------------------------------------------------------

--
-- Table structure for table `reservation`
--

CREATE TABLE `reservation` (
  `n_reservation` int(10) NOT NULL,
  `n_vol` int(10) NOT NULL,
  `n_place` int(10) NOT NULL,
  `n_avion` varchar(10) NOT NULL,
  `date_reservation` date NOT NULL,
  `nom_voyageur` varchar(100) NOT NULL
) ENGINE=InnoDB DEFAULT CHARSET=latin1;

--
-- Dumping data for table `reservation`
--

INSERT INTO `reservation` (`n_reservation`, `n_vol`, `n_place`, `n_avion`, `date_reservation`, `nom_voyageur`) VALUES
(1, 1, 4, '12', '0012-12-12', 'fd'),
(2, 1, 0, '134', '0012-12-12', 'RABE'),
(3, 1, 0, '134', '0012-12-12', 'RAKoto');

-- --------------------------------------------------------

--
-- Table structure for table `vol`
--

CREATE TABLE `vol` (
  `n_vol` int(11) NOT NULL,
  `heure_depart` datetime NOT NULL,
  `heure_arrive` datetime NOT NULL,
  `ville_depart` varchar(30) NOT NULL,
  `vile_arrive` varchar(30) NOT NULL,
  `n_avion` varchar(10) NOT NULL
) ENGINE=InnoDB DEFAULT CHARSET=latin1;

--
-- Dumping data for table `vol`
--

INSERT INTO `vol` (`n_vol`, `heure_depart`, `heure_arrive`, `ville_depart`, `vile_arrive`, `n_avion`) VALUES
(1, '0011-11-11 11:08:08', '0011-11-11 11:08:08', 'fg', 'gf', '134');

--
-- Indexes for dumped tables
--

--
-- Indexes for table `avion`
--
ALTER TABLE `avion`
  ADD PRIMARY KEY (`n_avion`);

--
-- Indexes for table `place`
--
ALTER TABLE `place`
  ADD PRIMARY KEY (`n_avion`,`n_place`),
  ADD KEY `n_place` (`n_place`),
  ADD KEY `n_avion` (`n_avion`);

--
-- Indexes for table `reservation`
--
ALTER TABLE `reservation`
  ADD PRIMARY KEY (`n_reservation`),
  ADD KEY `n_place` (`n_place`),
  ADD KEY `n_avion` (`n_avion`),
  ADD KEY `n_vol` (`n_vol`),
  ADD KEY `n_place_2` (`n_place`,`n_avion`);

--
-- Indexes for table `vol`
--
ALTER TABLE `vol`
  ADD PRIMARY KEY (`n_vol`),
  ADD KEY `n_avion` (`n_avion`);

--
-- AUTO_INCREMENT for dumped tables
--

--
-- AUTO_INCREMENT for table `reservation`
--
ALTER TABLE `reservation`
  MODIFY `n_reservation` int(10) NOT NULL AUTO_INCREMENT, AUTO_INCREMENT=4;
--
-- Constraints for dumped tables
--

--
-- Constraints for table `place`
--
ALTER TABLE `place`
  ADD CONSTRAINT `place_ibfk_1` FOREIGN KEY (`n_avion`) REFERENCES `avion` (`n_avion`) ON DELETE CASCADE ON UPDATE CASCADE;

--
-- Constraints for table `reservation`
--
ALTER TABLE `reservation`
  ADD CONSTRAINT `reservation_ibfk_1` FOREIGN KEY (`n_vol`) REFERENCES `vol` (`n_vol`),
  ADD CONSTRAINT `reservation_ibfk_2` FOREIGN KEY (`n_place`,`n_avion`) REFERENCES `place` (`n_place`, `n_avion`);

--
-- Constraints for table `vol`
--
ALTER TABLE `vol`
  ADD CONSTRAINT `vol_ibfk_1` FOREIGN KEY (`n_avion`) REFERENCES `avion` (`n_avion`) ON DELETE CASCADE ON UPDATE CASCADE;

/*!40101 SET CHARACTER_SET_CLIENT=@OLD_CHARACTER_SET_CLIENT */;
/*!40101 SET CHARACTER_SET_RESULTS=@OLD_CHARACTER_SET_RESULTS */;
/*!40101 SET COLLATION_CONNECTION=@OLD_COLLATION_CONNECTION */;
